"system","sweep","x","success","method","response","selection"
"aizawa","n","2",0,"Bayesian-ARGOS (SG)","SG","Bayesian-ARGOS"
"aizawa","n","2.1",0,"Bayesian-ARGOS (SG)","SG","Bayesian-ARGOS"
"aizawa","n","2.2",0,"Bayesian-ARGOS (SG)","SG","Bayesian-ARGOS"
"aizawa","n","2.3",0,"Bayesian-ARGOS (SG)","SG","Bayesian-ARGOS"
"aizawa","n","2.4",0,"Bayesian-ARGOS (SG)","SG","Bayesian-ARGOS"
"aizawa","n","2.5",0,"Bayesian-ARGOS (SG)","SG","Bayesian-ARGOS"
"aizawa","n","2.6",0,"Bayesian-ARGOS (SG)","SG","Bayesian-ARGOS"
"aizawa","n","2.7",0,"Bayesian-ARGOS (SG)","SG","Bayesian-ARGOS"
"aizawa","n","2.8",0.03,"Bayesian-ARGOS (SG)","SG","Bayesian-ARGOS"
"aizawa","n","2.9",0.04,"Bayesian-ARGOS (SG)","SG","Bayesian-ARGOS"
"aizawa","n","3",0.13,"Bayesian-ARGOS (SG)","SG","Bayesian-ARGOS"
"aizawa","n","3.1",0.22,"Bayesian-ARGOS (SG)","SG","Bayesian-ARGOS"
"aizawa","n","3.2",0.23,"Bayesian-ARGOS (SG)","SG","Bayesian-ARGOS"
"aizawa","n","3.3",0.26,"Bayesian-ARGOS (SG)","SG","Bayesian-ARGOS"
"aizawa","n","3.4",0.35,"Bayesian-ARGOS (SG)","SG","Bayesian-ARGOS"
"aizawa","n","3.5",0.4,"Bayesian-ARGOS (SG)","SG","Bayesian-ARGOS"
"aizawa","n","3.6",0.65,"Bayesian-ARGOS (SG)","SG","Bayesian-ARGOS"
"aizawa","n","3.7",0.76,"Bayesian-ARGOS (SG)","SG","Bayesian-ARGOS"
"aizawa","n","3.8",0.75,"Bayesian-ARGOS (SG)","SG","Bayesian-ARGOS"
"aizawa","n","3.9",0.59,"Bayesian-ARGOS (SG)","SG","Bayesian-ARGOS"
"aizawa","n","4",0.64,"Bayesian-ARGOS (SG)","SG","Bayesian-ARGOS"
"aizawa","n","4.1",0.64,"Bayesian-ARGOS (SG)","SG","Bayesian-ARGOS"
"aizawa","n","4.2",0.56,"Bayesian-ARGOS (SG)","SG","Bayesian-ARGOS"
"aizawa","n","4.3",0.57,"Bayesian-ARGOS (SG)","SG","Bayesian-ARGOS"
"aizawa","n","4.4",0.61,"Bayesian-ARGOS (SG)","SG","Bayesian-ARGOS"
"aizawa","n","4.5",0.63,"Bayesian-ARGOS (SG)","SG","Bayesian-ARGOS"
"aizawa","n","4.6",0.52,"Bayesian-ARGOS (SG)","SG","Bayesian-ARGOS"
"aizawa","n","4.7",0.54,"Bayesian-ARGOS (SG)","SG","Bayesian-ARGOS"
"aizawa","n","4.8",0.51,"Bayesian-ARGOS (SG)","SG","Bayesian-ARGOS"
"aizawa","n","4.9",0.5,"Bayesian-ARGOS (SG)","SG","Bayesian-ARGOS"
"aizawa","n","5",0.45,"Bayesian-ARGOS (SG)","SG","Bayesian-ARGOS"
"aizawa","n","2",0,"Bayesian-ARGOS (Integration)","Integration","Bayesian-ARGOS"
"aizawa","n","2.1",0,"Bayesian-ARGOS (Integration)","Integration","Bayesian-ARGOS"
"aizawa","n","2.2",0,"Bayesian-ARGOS (Integration)","Integration","Bayesian-ARGOS"
"aizawa","n","2.3",0,"Bayesian-ARGOS (Integration)","Integration","Bayesian-ARGOS"
"aizawa","n","2.4",0,"Bayesian-ARGOS (Integration)","Integration","Bayesian-ARGOS"
"aizawa","n","2.5",0,"Bayesian-ARGOS (Integration)","Integration","Bayesian-ARGOS"
"aizawa","n","2.6",0,"Bayesian-ARGOS (Integration)","Integration","Bayesian-ARGOS"
"aizawa","n","2.7",0,"Bayesian-ARGOS (Integration)","Integration","Bayesian-ARGOS"
"aizawa","n","2.8",0,"Bayesian-ARGOS (Integration)","Integration","Bayesian-ARGOS"
"aizawa","n","2.9",0,"Bayesian-ARGOS (Integration)","Integration","Bayesian-ARGOS"
"aizawa","n","3",0.03,"Bayesian-ARGOS (Integration)","Integration","Bayesian-ARGOS"
"aizawa","n","3.1",0.07,"Bayesian-ARGOS (Integration)","Integration","Bayesian-ARGOS"
"aizawa","n","3.2",0.08,"Bayesian-ARGOS (Integration)","Integration","Bayesian-ARGOS"
"aizawa","n","3.3",0.13,"Bayesian-ARGOS (Integration)","Integration","Bayesian-ARGOS"
"aizawa","n","3.4",0.12,"Bayesian-ARGOS (Integration)","Integration","Bayesian-ARGOS"
"aizawa","n","3.5",0.13,"Bayesian-ARGOS (Integration)","Integration","Bayesian-ARGOS"
"aizawa","n","3.6",0.2,"Bayesian-ARGOS (Integration)","Integration","Bayesian-ARGOS"
"aizawa","n","3.7",0.29,"Bayesian-ARGOS (Integration)","Integration","Bayesian-ARGOS"
"aizawa","n","3.8",0.3,"Bayesian-ARGOS (Integration)","Integration","Bayesian-ARGOS"
"aizawa","n","3.9",0.29,"Bayesian-ARGOS (Integration)","Integration","Bayesian-ARGOS"
"aizawa","n","4",0.3,"Bayesian-ARGOS (Integration)","Integration","Bayesian-ARGOS"
"aizawa","n","4.1",0.27,"Bayesian-ARGOS (Integration)","Integration","Bayesian-ARGOS"
"aizawa","n","4.2",0.23,"Bayesian-ARGOS (Integration)","Integration","Bayesian-ARGOS"
"aizawa","n","4.3",0.18,"Bayesian-ARGOS (Integration)","Integration","Bayesian-ARGOS"
"aizawa","n","4.4",0.19,"Bayesian-ARGOS (Integration)","Integration","Bayesian-ARGOS"
"aizawa","n","4.5",0.13,"Bayesian-ARGOS (Integration)","Integration","Bayesian-ARGOS"
"aizawa","n","4.6",0.14,"Bayesian-ARGOS (Integration)","Integration","Bayesian-ARGOS"
"aizawa","n","4.7",0.11,"Bayesian-ARGOS (Integration)","Integration","Bayesian-ARGOS"
"aizawa","n","4.8",0.11,"Bayesian-ARGOS (Integration)","Integration","Bayesian-ARGOS"
"aizawa","n","4.9",0.09,"Bayesian-ARGOS (Integration)","Integration","Bayesian-ARGOS"
"aizawa","n","5",0.09,"Bayesian-ARGOS (Integration)","Integration","Bayesian-ARGOS"
"aizawa","n","2",0,"SINDy (SG)","SG","SINDy"
"aizawa","n","2.1",0,"SINDy (SG)","SG","SINDy"
"aizawa","n","2.2",0,"SINDy (SG)","SG","SINDy"
"aizawa","n","2.3",0,"SINDy (SG)","SG","SINDy"
"aizawa","n","2.4",0,"SINDy (SG)","SG","SINDy"
"aizawa","n","2.5",0,"SINDy (SG)","SG","SINDy"
"aizawa","n","2.6",0,"SINDy (SG)","SG","SINDy"
"aizawa","n","2.7",0,"SINDy (SG)","SG","SINDy"
"aizawa","n","2.8",0,"SINDy (SG)","SG","SINDy"
"aizawa","n","2.9",0,"SINDy (SG)","SG","SINDy"
"aizawa","n","3",0.01,"SINDy (SG)","SG","SINDy"
"aizawa","n","3.1",0.03,"SINDy (SG)","SG","SINDy"
"aizawa","n","3.2",0.03,"SINDy (SG)","SG","SINDy"
"aizawa","n","3.3",0.07,"SINDy (SG)","SG","SINDy"
"aizawa","n","3.4",0.11,"SINDy (SG)","SG","SINDy"
"aizawa","n","3.5",0.14,"SINDy (SG)","SG","SINDy"
"aizawa","n","3.6",0.09,"SINDy (SG)","SG","SINDy"
"aizawa","n","3.7",0.14,"SINDy (SG)","SG","SINDy"
"aizawa","n","3.8",0.12,"SINDy (SG)","SG","SINDy"
"aizawa","n","3.9",0.24,"SINDy (SG)","SG","SINDy"
"aizawa","n","4",0.25,"SINDy (SG)","SG","SINDy"
"aizawa","n","4.1",0.27,"SINDy (SG)","SG","SINDy"
"aizawa","n","4.2",0.23,"SINDy (SG)","SG","SINDy"
"aizawa","n","4.3",0.19,"SINDy (SG)","SG","SINDy"
"aizawa","n","4.4",0.28,"SINDy (SG)","SG","SINDy"
"aizawa","n","4.5",0.22,"SINDy (SG)","SG","SINDy"
"aizawa","n","4.6",0.33,"SINDy (SG)","SG","SINDy"
"aizawa","n","4.7",0.25,"SINDy (SG)","SG","SINDy"
"aizawa","n","4.8",0.21,"SINDy (SG)","SG","SINDy"
"aizawa","n","4.9",0.19,"SINDy (SG)","SG","SINDy"
"aizawa","n","5",0.2,"SINDy (SG)","SG","SINDy"
"aizawa","n","2",0,"SINDy (Integration)","Integration","SINDy"
"aizawa","n","2.1",0,"SINDy (Integration)","Integration","SINDy"
"aizawa","n","2.2",0,"SINDy (Integration)","Integration","SINDy"
"aizawa","n","2.3",0,"SINDy (Integration)","Integration","SINDy"
"aizawa","n","2.4",0,"SINDy (Integration)","Integration","SINDy"
"aizawa","n","2.5",0,"SINDy (Integration)","Integration","SINDy"
"aizawa","n","2.6",0,"SINDy (Integration)","Integration","SINDy"
"aizawa","n","2.7",0,"SINDy (Integration)","Integration","SINDy"
"aizawa","n","2.8",0,"SINDy (Integration)","Integration","SINDy"
"aizawa","n","2.9",0,"SINDy (Integration)","Integration","SINDy"
"aizawa","n","3",0,"SINDy (Integration)","Integration","SINDy"
"aizawa","n","3.1",0,"SINDy (Integration)","Integration","SINDy"
"aizawa","n","3.2",0,"SINDy (Integration)","Integration","SINDy"
"aizawa","n","3.3",0,"SINDy (Integration)","Integration","SINDy"
"aizawa","n","3.4",0,"SINDy (Integration)","Integration","SINDy"
"aizawa","n","3.5",0,"SINDy (Integration)","Integration","SINDy"
"aizawa","n","3.6",0,"SINDy (Integration)","Integration","SINDy"
"aizawa","n","3.7",0,"SINDy (Integration)","Integration","SINDy"
"aizawa","n","3.8",0,"SINDy (Integration)","Integration","SINDy"
"aizawa","n","3.9",0,"SINDy (Integration)","Integration","SINDy"
"aizawa","n","4",0,"SINDy (Integration)","Integration","SINDy"
"aizawa","n","4.1",0,"SINDy (Integration)","Integration","SINDy"
"aizawa","n","4.2",0,"SINDy (Integration)","Integration","SINDy"
"aizawa","n","4.3",0,"SINDy (Integration)","Integration","SINDy"
"aizawa","n","4.4",0,"SINDy (Integration)","Integration","SINDy"
"aizawa","n","4.5",0,"SINDy (Integration)","Integration","SINDy"
"aizawa","n","4.6",0,"SINDy (Integration)","Integration","SINDy"
"aizawa","n","4.7",0,"SINDy (Integration)","Integration","SINDy"
"aizawa","n","4.8",0,"SINDy (Integration)","Integration","SINDy"
"aizawa","n","4.9",0,"SINDy (Integration)","Integration","SINDy"
"aizawa","n","5",0,"SINDy (Integration)","Integration","SINDy"
"dadras","n","2",0.1,"Bayesian-ARGOS (SG)","SG","Bayesian-ARGOS"
"dadras","n","2.1",0.19,"Bayesian-ARGOS (SG)","SG","Bayesian-ARGOS"
"dadras","n","2.2",0.32,"Bayesian-ARGOS (SG)","SG","Bayesian-ARGOS"
"dadras","n","2.3",0.45,"Bayesian-ARGOS (SG)","SG","Bayesian-ARGOS"
"dadras","n","2.4",0.7,"Bayesian-ARGOS (SG)","SG","Bayesian-ARGOS"
"dadras","n","2.5",0.79,"Bayesian-ARGOS (SG)","SG","Bayesian-ARGOS"
"dadras","n","2.6",0.91,"Bayesian-ARGOS (SG)","SG","Bayesian-ARGOS"
"dadras","n","2.7",0.96,"Bayesian-ARGOS (SG)","SG","Bayesian-ARGOS"
"dadras","n","2.8",0.97,"Bayesian-ARGOS (SG)","SG","Bayesian-ARGOS"
"dadras","n","2.9",0.96,"Bayesian-ARGOS (SG)","SG","Bayesian-ARGOS"
"dadras","n","3",0.97,"Bayesian-ARGOS (SG)","SG","Bayesian-ARGOS"
"dadras","n","3.1",0.95,"Bayesian-ARGOS (SG)","SG","Bayesian-ARGOS"
"dadras","n","3.2",0.99,"Bayesian-ARGOS (SG)","SG","Bayesian-ARGOS"
"dadras","n","3.3",0.98,"Bayesian-ARGOS (SG)","SG","Bayesian-ARGOS"
"dadras","n","3.4",0.97,"Bayesian-ARGOS (SG)","SG","Bayesian-ARGOS"
"dadras","n","3.5",0.98,"Bayesian-ARGOS (SG)","SG","Bayesian-ARGOS"
"dadras","n","3.6",0.96,"Bayesian-ARGOS (SG)","SG","Bayesian-ARGOS"
"dadras","n","3.7",0.98,"Bayesian-ARGOS (SG)","SG","Bayesian-ARGOS"
"dadras","n","3.8",1,"Bayesian-ARGOS (SG)","SG","Bayesian-ARGOS"
"dadras","n","3.9",0.98,"Bayesian-ARGOS (SG)","SG","Bayesian-ARGOS"
"dadras","n","4",0.98,"Bayesian-ARGOS (SG)","SG","Bayesian-ARGOS"
"dadras","n","4.1",0.99,"Bayesian-ARGOS (SG)","SG","Bayesian-ARGOS"
"dadras","n","4.2",1,"Bayesian-ARGOS (SG)","SG","Bayesian-ARGOS"
"dadras","n","4.3",1,"Bayesian-ARGOS (SG)","SG","Bayesian-ARGOS"
"dadras","n","4.4",1,"Bayesian-ARGOS (SG)","SG","Bayesian-ARGOS"
"dadras","n","4.5",1,"Bayesian-ARGOS (SG)","SG","Bayesian-ARGOS"
"dadras","n","4.6",0.99,"Bayesian-ARGOS (SG)","SG","Bayesian-ARGOS"
"dadras","n","4.7",0.97,"Bayesian-ARGOS (SG)","SG","Bayesian-ARGOS"
"dadras","n","4.8",0.89,"Bayesian-ARGOS (SG)","SG","Bayesian-ARGOS"
"dadras","n","4.9",0.86,"Bayesian-ARGOS (SG)","SG","Bayesian-ARGOS"
"dadras","n","5",0.7,"Bayesian-ARGOS (SG)","SG","Bayesian-ARGOS"
"dadras","n","2",0,"Bayesian-ARGOS (Integration)","Integration","Bayesian-ARGOS"
"dadras","n","2.1",0,"Bayesian-ARGOS (Integration)","Integration","Bayesian-ARGOS"
"dadras","n","2.2",0,"Bayesian-ARGOS (Integration)","Integration","Bayesian-ARGOS"
"dadras","n","2.3",0.02,"Bayesian-ARGOS (Integration)","Integration","Bayesian-ARGOS"
"dadras","n","2.4",0.08,"Bayesian-ARGOS (Integration)","Integration","Bayesian-ARGOS"
"dadras","n","2.5",0.19,"Bayesian-ARGOS (Integration)","Integration","Bayesian-ARGOS"
"dadras","n","2.6",0.37,"Bayesian-ARGOS (Integration)","Integration","Bayesian-ARGOS"
"dadras","n","2.7",0.51,"Bayesian-ARGOS (Integration)","Integration","Bayesian-ARGOS"
"dadras","n","2.8",0.59,"Bayesian-ARGOS (Integration)","Integration","Bayesian-ARGOS"
"dadras","n","2.9",0.59,"Bayesian-ARGOS (Integration)","Integration","Bayesian-ARGOS"
"dadras","n","3",0.56,"Bayesian-ARGOS (Integration)","Integration","Bayesian-ARGOS"
"dadras","n","3.1",0.6,"Bayesian-ARGOS (Integration)","Integration","Bayesian-ARGOS"
"dadras","n","3.2",0.63,"Bayesian-ARGOS (Integration)","Integration","Bayesian-ARGOS"
"dadras","n","3.3",0.64,"Bayesian-ARGOS (Integration)","Integration","Bayesian-ARGOS"
"dadras","n","3.4",0.67,"Bayesian-ARGOS (Integration)","Integration","Bayesian-ARGOS"
"dadras","n","3.5",0.69,"Bayesian-ARGOS (Integration)","Integration","Bayesian-ARGOS"
"dadras","n","3.6",0.74,"Bayesian-ARGOS (Integration)","Integration","Bayesian-ARGOS"
"dadras","n","3.7",0.78,"Bayesian-ARGOS (Integration)","Integration","Bayesian-ARGOS"
"dadras","n","3.8",0.7,"Bayesian-ARGOS (Integration)","Integration","Bayesian-ARGOS"
"dadras","n","3.9",0.69,"Bayesian-ARGOS (Integration)","Integration","Bayesian-ARGOS"
"dadras","n","4",0.68,"Bayesian-ARGOS (Integration)","Integration","Bayesian-ARGOS"
"dadras","n","4.1",0.87,"Bayesian-ARGOS (Integration)","Integration","Bayesian-ARGOS"
"dadras","n","4.2",0.81,"Bayesian-ARGOS (Integration)","Integration","Bayesian-ARGOS"
"dadras","n","4.3",0.78,"Bayesian-ARGOS (Integration)","Integration","Bayesian-ARGOS"
"dadras","n","4.4",0.8,"Bayesian-ARGOS (Integration)","Integration","Bayesian-ARGOS"
"dadras","n","4.5",0.84,"Bayesian-ARGOS (Integration)","Integration","Bayesian-ARGOS"
"dadras","n","4.6",0.84,"Bayesian-ARGOS (Integration)","Integration","Bayesian-ARGOS"
"dadras","n","4.7",0.78,"Bayesian-ARGOS (Integration)","Integration","Bayesian-ARGOS"
"dadras","n","4.8",0.76,"Bayesian-ARGOS (Integration)","Integration","Bayesian-ARGOS"
"dadras","n","4.9",0.86,"Bayesian-ARGOS (Integration)","Integration","Bayesian-ARGOS"
"dadras","n","5",0.88,"Bayesian-ARGOS (Integration)","Integration","Bayesian-ARGOS"
"dadras","n","2",0,"SINDy (SG)","SG","SINDy"
"dadras","n","2.1",0,"SINDy (SG)","SG","SINDy"
"dadras","n","2.2",0,"SINDy (SG)","SG","SINDy"
"dadras","n","2.3",0.02,"SINDy (SG)","SG","SINDy"
"dadras","n","2.4",0.05,"SINDy (SG)","SG","SINDy"
"dadras","n","2.5",0.05,"SINDy (SG)","SG","SINDy"
"dadras","n","2.6",0.23,"SINDy (SG)","SG","SINDy"
"dadras","n","2.7",0.41,"SINDy (SG)","SG","SINDy"
"dadras","n","2.8",0.54,"SINDy (SG)","SG","SINDy"
"dadras","n","2.9",0.84,"SINDy (SG)","SG","SINDy"
"dadras","n","3",0.93,"SINDy (SG)","SG","SINDy"
"dadras","n","3.1",0.98,"SINDy (SG)","SG","SINDy"
"dadras","n","3.2",1,"SINDy (SG)","SG","SINDy"
"dadras","n","3.3",1,"SINDy (SG)","SG","SINDy"
"dadras","n","3.4",1,"SINDy (SG)","SG","SINDy"
"dadras","n","3.5",1,"SINDy (SG)","SG","SINDy"
"dadras","n","3.6",1,"SINDy (SG)","SG","SINDy"
"dadras","n","3.7",1,"SINDy (SG)","SG","SINDy"
"dadras","n","3.8",0.99,"SINDy (SG)","SG","SINDy"
"dadras","n","3.9",0.99,"SINDy (SG)","SG","SINDy"
"dadras","n","4",0.99,"SINDy (SG)","SG","SINDy"
"dadras","n","4.1",1,"SINDy (SG)","SG","SINDy"
"dadras","n","4.2",1,"SINDy (SG)","SG","SINDy"
"dadras","n","4.3",1,"SINDy (SG)","SG","SINDy"
"dadras","n","4.4",1,"SINDy (SG)","SG","SINDy"
"dadras","n","4.5",1,"SINDy (SG)","SG","SINDy"
"dadras","n","4.6",1,"SINDy (SG)","SG","SINDy"
"dadras","n","4.7",1,"SINDy (SG)","SG","SINDy"
"dadras","n","4.8",1,"SINDy (SG)","SG","SINDy"
"dadras","n","4.9",1,"SINDy (SG)","SG","SINDy"
"dadras","n","5",1,"SINDy (SG)","SG","SINDy"
"dadras","n","2",0,"SINDy (Integration)","Integration","SINDy"
"dadras","n","2.1",0,"SINDy (Integration)","Integration","SINDy"
"dadras","n","2.2",0,"SINDy (Integration)","Integration","SINDy"
"dadras","n","2.3",0,"SINDy (Integration)","Integration","SINDy"
"dadras","n","2.4",0,"SINDy (Integration)","Integration","SINDy"
"dadras","n","2.5",0,"SINDy (Integration)","Integration","SINDy"
"dadras","n","2.6",0,"SINDy (Integration)","Integration","SINDy"
"dadras","n","2.7",0,"SINDy (Integration)","Integration","SINDy"
"dadras","n","2.8",0,"SINDy (Integration)","Integration","SINDy"
"dadras","n","2.9",0,"SINDy (Integration)","Integration","SINDy"
"dadras","n","3",0,"SINDy (Integration)","Integration","SINDy"
"dadras","n","3.1",0,"SINDy (Integration)","Integration","SINDy"
"dadras","n","3.2",0.01,"SINDy (Integration)","Integration","SINDy"
"dadras","n","3.3",0.02,"SINDy (Integration)","Integration","SINDy"
"dadras","n","3.4",0.1,"SINDy (Integration)","Integration","SINDy"
"dadras","n","3.5",0.23,"SINDy (Integration)","Integration","SINDy"
"dadras","n","3.6",0.44,"SINDy (Integration)","Integration","SINDy"
"dadras","n","3.7",0.64,"SINDy (Integration)","Integration","SINDy"
"dadras","n","3.8",0.88,"SINDy (Integration)","Integration","SINDy"
"dadras","n","3.9",0.97,"SINDy (Integration)","Integration","SINDy"
"dadras","n","4",1,"SINDy (Integration)","Integration","SINDy"
"dadras","n","4.1",1,"SINDy (Integration)","Integration","SINDy"
"dadras","n","4.2",1,"SINDy (Integration)","Integration","SINDy"
"dadras","n","4.3",1,"SINDy (Integration)","Integration","SINDy"
"dadras","n","4.4",1,"SINDy (Integration)","Integration","SINDy"
"dadras","n","4.5",1,"SINDy (Integration)","Integration","SINDy"
"dadras","n","4.6",1,"SINDy (Integration)","Integration","SINDy"
"dadras","n","4.7",1,"SINDy (Integration)","Integration","SINDy"
"dadras","n","4.8",1,"SINDy (Integration)","Integration","SINDy"
"dadras","n","4.9",1,"SINDy (Integration)","Integration","SINDy"
"dadras","n","5",1,"SINDy (Integration)","Integration","SINDy"
"rossler","n","2",0.02,"Bayesian-ARGOS (SG)","SG","Bayesian-ARGOS"
"rossler","n","2.1",0.03,"Bayesian-ARGOS (SG)","SG","Bayesian-ARGOS"
"rossler","n","2.2",0.08,"Bayesian-ARGOS (SG)","SG","Bayesian-ARGOS"
"rossler","n","2.3",0.18,"Bayesian-ARGOS (SG)","SG","Bayesian-ARGOS"
"rossler","n","2.4",0.38,"Bayesian-ARGOS (SG)","SG","Bayesian-ARGOS"
"rossler","n","2.5",0.54,"Bayesian-ARGOS (SG)","SG","Bayesian-ARGOS"
"rossler","n","2.6",0.7,"Bayesian-ARGOS (SG)","SG","Bayesian-ARGOS"
"rossler","n","2.7",0.81,"Bayesian-ARGOS (SG)","SG","Bayesian-ARGOS"
"rossler","n","2.8",0.77,"Bayesian-ARGOS (SG)","SG","Bayesian-ARGOS"
"rossler","n","2.9",0.88,"Bayesian-ARGOS (SG)","SG","Bayesian-ARGOS"
"rossler","n","3",0.9,"Bayesian-ARGOS (SG)","SG","Bayesian-ARGOS"
"rossler","n","3.1",0.92,"Bayesian-ARGOS (SG)","SG","Bayesian-ARGOS"
"rossler","n","3.2",0.97,"Bayesian-ARGOS (SG)","SG","Bayesian-ARGOS"
"rossler","n","3.3",0.99,"Bayesian-ARGOS (SG)","SG","Bayesian-ARGOS"
"rossler","n","3.4",0.99,"Bayesian-ARGOS (SG)","SG","Bayesian-ARGOS"
"rossler","n","3.5",1,"Bayesian-ARGOS (SG)","SG","Bayesian-ARGOS"
"rossler","n","3.6",1,"Bayesian-ARGOS (SG)","SG","Bayesian-ARGOS"
"rossler","n","3.7",1,"Bayesian-ARGOS (SG)","SG","Bayesian-ARGOS"
"rossler","n","3.8",1,"Bayesian-ARGOS (SG)","SG","Bayesian-ARGOS"
"rossler","n","3.9",1,"Bayesian-ARGOS (SG)","SG","Bayesian-ARGOS"
"rossler","n","4",1,"Bayesian-ARGOS (SG)","SG","Bayesian-ARGOS"
"rossler","n","4.1",1,"Bayesian-ARGOS (SG)","SG","Bayesian-ARGOS"
"rossler","n","4.2",1,"Bayesian-ARGOS (SG)","SG","Bayesian-ARGOS"
"rossler","n","4.3",1,"Bayesian-ARGOS (SG)","SG","Bayesian-ARGOS"
"rossler","n","4.4",1,"Bayesian-ARGOS (SG)","SG","Bayesian-ARGOS"
"rossler","n","4.5",1,"Bayesian-ARGOS (SG)","SG","Bayesian-ARGOS"
"rossler","n","4.6",1,"Bayesian-ARGOS (SG)","SG","Bayesian-ARGOS"
"rossler","n","4.7",1,"Bayesian-ARGOS (SG)","SG","Bayesian-ARGOS"
"rossler","n","4.8",1,"Bayesian-ARGOS (SG)","SG","Bayesian-ARGOS"
"rossler","n","4.9",1,"Bayesian-ARGOS (SG)","SG","Bayesian-ARGOS"
"rossler","n","5",1,"Bayesian-ARGOS (SG)","SG","Bayesian-ARGOS"
"rossler","n","2",0,"Bayesian-ARGOS (Integration)","Integration","Bayesian-ARGOS"
"rossler","n","2.1",0,"Bayesian-ARGOS (Integration)","Integration","Bayesian-ARGOS"
"rossler","n","2.2",0.01,"Bayesian-ARGOS (Integration)","Integration","Bayesian-ARGOS"
"rossler","n","2.3",0.05,"Bayesian-ARGOS (Integration)","Integration","Bayesian-ARGOS"
"rossler","n","2.4",0.13,"Bayesian-ARGOS (Integration)","Integration","Bayesian-ARGOS"
"rossler","n","2.5",0.25,"Bayesian-ARGOS (Integration)","Integration","Bayesian-ARGOS"
"rossler","n","2.6",0.43,"Bayesian-ARGOS (Integration)","Integration","Bayesian-ARGOS"
"rossler","n","2.7",0.58,"Bayesian-ARGOS (Integration)","Integration","Bayesian-ARGOS"
"rossler","n","2.8",0.78,"Bayesian-ARGOS (Integration)","Integration","Bayesian-ARGOS"
"rossler","n","2.9",0.83,"Bayesian-ARGOS (Integration)","Integration","Bayesian-ARGOS"
"rossler","n","3",0.84,"Bayesian-ARGOS (Integration)","Integration","Bayesian-ARGOS"
"rossler","n","3.1",0.85,"Bayesian-ARGOS (Integration)","Integration","Bayesian-ARGOS"
"rossler","n","3.2",0.87,"Bayesian-ARGOS (Integration)","Integration","Bayesian-ARGOS"
"rossler","n","3.3",0.97,"Bayesian-ARGOS (Integration)","Integration","Bayesian-ARGOS"
"rossler","n","3.4",0.95,"Bayesian-ARGOS (Integration)","Integration","Bayesian-ARGOS"
"rossler","n","3.5",0.97,"Bayesian-ARGOS (Integration)","Integration","Bayesian-ARGOS"
"rossler","n","3.6",0.97,"Bayesian-ARGOS (Integration)","Integration","Bayesian-ARGOS"
"rossler","n","3.7",1,"Bayesian-ARGOS (Integration)","Integration","Bayesian-ARGOS"
"rossler","n","3.8",0.99,"Bayesian-ARGOS (Integration)","Integration","Bayesian-ARGOS"
"rossler","n","3.9",0.99,"Bayesian-ARGOS (Integration)","Integration","Bayesian-ARGOS"
"rossler","n","4",1,"Bayesian-ARGOS (Integration)","Integration","Bayesian-ARGOS"
"rossler","n","4.1",1,"Bayesian-ARGOS (Integration)","Integration","Bayesian-ARGOS"
"rossler","n","4.2",1,"Bayesian-ARGOS (Integration)","Integration","Bayesian-ARGOS"
"rossler","n","4.3",0.97,"Bayesian-ARGOS (Integration)","Integration","Bayesian-ARGOS"
"rossler","n","4.4",1,"Bayesian-ARGOS (Integration)","Integration","Bayesian-ARGOS"
"rossler","n","4.5",1,"Bayesian-ARGOS (Integration)","Integration","Bayesian-ARGOS"
"rossler","n","4.6",1,"Bayesian-ARGOS (Integration)","Integration","Bayesian-ARGOS"
"rossler","n","4.7",0.99,"Bayesian-ARGOS (Integration)","Integration","Bayesian-ARGOS"
"rossler","n","4.8",0.99,"Bayesian-ARGOS (Integration)","Integration","Bayesian-ARGOS"
"rossler","n","4.9",1,"Bayesian-ARGOS (Integration)","Integration","Bayesian-ARGOS"
"rossler","n","5",0.99,"Bayesian-ARGOS (Integration)","Integration","Bayesian-ARGOS"
"rossler","n","2",0,"SINDy (SG)","SG","SINDy"
"rossler","n","2.1",0,"SINDy (SG)","SG","SINDy"
"rossler","n","2.2",0,"SINDy (SG)","SG","SINDy"
"rossler","n","2.3",0,"SINDy (SG)","SG","SINDy"
"rossler","n","2.4",0,"SINDy (SG)","SG","SINDy"
"rossler","n","2.5",0.01,"SINDy (SG)","SG","SINDy"
"rossler","n","2.6",0.03,"SINDy (SG)","SG","SINDy"
"rossler","n","2.7",0.06,"SINDy (SG)","SG","SINDy"
"rossler","n","2.8",0.17,"SINDy (SG)","SG","SINDy"
"rossler","n","2.9",0.26,"SINDy (SG)","SG","SINDy"
"rossler","n","3",0.29,"SINDy (SG)","SG","SINDy"
"rossler","n","3.1",0.4,"SINDy (SG)","SG","SINDy"
"rossler","n","3.2",0.51,"SINDy (SG)","SG","SINDy"
"rossler","n","3.3",0.46,"SINDy (SG)","SG","SINDy"
"rossler","n","3.4",0.73,"SINDy (SG)","SG","SINDy"
"rossler","n","3.5",0.86,"SINDy (SG)","SG","SINDy"
"rossler","n","3.6",0.96,"SINDy (SG)","SG","SINDy"
"rossler","n","3.7",0.94,"SINDy (SG)","SG","SINDy"
"rossler","n","3.8",0.96,"SINDy (SG)","SG","SINDy"
"rossler","n","3.9",0.94,"SINDy (SG)","SG","SINDy"
"rossler","n","4",0.99,"SINDy (SG)","SG","SINDy"
"rossler","n","4.1",0.96,"SINDy (SG)","SG","SINDy"
"rossler","n","4.2",1,"SINDy (SG)","SG","SINDy"
"rossler","n","4.3",0.99,"SINDy (SG)","SG","SINDy"
"rossler","n","4.4",1,"SINDy (SG)","SG","SINDy"
"rossler","n","4.5",1,"SINDy (SG)","SG","SINDy"
"rossler","n","4.6",1,"SINDy (SG)","SG","SINDy"
"rossler","n","4.7",1,"SINDy (SG)","SG","SINDy"
"rossler","n","4.8",1,"SINDy (SG)","SG","SINDy"
"rossler","n","4.9",1,"SINDy (SG)","SG","SINDy"
"rossler","n","5",1,"SINDy (SG)","SG","SINDy"
"rossler","n","2",0,"SINDy (Integration)","Integration","SINDy"
"rossler","n","2.1",0,"SINDy (Integration)","Integration","SINDy"
"rossler","n","2.2",0,"SINDy (Integration)","Integration","SINDy"
"rossler","n","2.3",0,"SINDy (Integration)","Integration","SINDy"
"rossler","n","2.4",0,"SINDy (Integration)","Integration","SINDy"
"rossler","n","2.5",0,"SINDy (Integration)","Integration","SINDy"
"rossler","n","2.6",0,"SINDy (Integration)","Integration","SINDy"
"rossler","n","2.7",0,"SINDy (Integration)","Integration","SINDy"
"rossler","n","2.8",0,"SINDy (Integration)","Integration","SINDy"
"rossler","n","2.9",0,"SINDy (Integration)","Integration","SINDy"
"rossler","n","3",0,"SINDy (Integration)","Integration","SINDy"
"rossler","n","3.1",0.02,"SINDy (Integration)","Integration","SINDy"
"rossler","n","3.2",0.08,"SINDy (Integration)","Integration","SINDy"
"rossler","n","3.3",0.11,"SINDy (Integration)","Integration","SINDy"
"rossler","n","3.4",0.17,"SINDy (Integration)","Integration","SINDy"
"rossler","n","3.5",0.19,"SINDy (Integration)","Integration","SINDy"
"rossler","n","3.6",0.41,"SINDy (Integration)","Integration","SINDy"
"rossler","n","3.7",0.53,"SINDy (Integration)","Integration","SINDy"
"rossler","n","3.8",0.67,"SINDy (Integration)","Integration","SINDy"
"rossler","n","3.9",0.85,"SINDy (Integration)","Integration","SINDy"
"rossler","n","4",0.96,"SINDy (Integration)","Integration","SINDy"
"rossler","n","4.1",1,"SINDy (Integration)","Integration","SINDy"
"rossler","n","4.2",1,"SINDy (Integration)","Integration","SINDy"
"rossler","n","4.3",1,"SINDy (Integration)","Integration","SINDy"
"rossler","n","4.4",1,"SINDy (Integration)","Integration","SINDy"
"rossler","n","4.5",1,"SINDy (Integration)","Integration","SINDy"
"rossler","n","4.6",1,"SINDy (Integration)","Integration","SINDy"
"rossler","n","4.7",1,"SINDy (Integration)","Integration","SINDy"
"rossler","n","4.8",1,"SINDy (Integration)","Integration","SINDy"
"rossler","n","4.9",1,"SINDy (Integration)","Integration","SINDy"
"rossler","n","5",1,"SINDy (Integration)","Integration","SINDy"
