"system","eq","snr","log10n","arm","trials","success","intercept_kept","n_selected","n_kept","spurious_kept","ols_int_med","ols_int_se_med","ols_int_t_med","sigma_med","rho1_med","det_sd_med","det_max_med","K_med","t_stan_med"
"aizawa",3,60,3.69897000433602,"sg",20,0.7,1,12.5,7,0,0.649961245738494,0.000388288935628252,1673.99408786027,0.0147688139384543,0.681182572538867,1.09772958173858e-05,9.91895171299496e-05,5000,5.36983144283295
"aizawa",3,60,3.69897000433602,"weak/raw/m=1w/p=4",20,0.65,1,11.5,7,0,0.650036305759426,0.000228699901457799,2842.36587774027,0.0034448381153319,0.0160043520955458,3.62858370944862e-05,7.76257803686286e-05,829,3.54802405834198
"aizawa",3,60,3.69897000433602,"weak/raw/m=1w/p=8",20,0.75,1,12,7,0,0.650009278250021,0.000355995377065003,1825.90336875798,0.00529729866779714,-0.350907059667955,2.3721551259925e-07,9.93205234500749e-07,829,3.06887137889862
"aizawa",3,60,3.69897000433602,"weak/raw/m=2w/p=4",20,0.55,1,11.5,7,0,0.650000486395067,0.000120490138913562,5394.48257097986,0.00126473752920372,-0.0870921078959744,2.26284588840086e-06,4.72127197115313e-06,381,4.41057932376861
"aizawa",3,60,3.69897000433602,"weak/raw/m=2w/p=8",20,0.65,1,10.5,7,0,0.650004235794093,0.000187518350036579,3466.58142066216,0.00193713095437355,-0.399914286679565,1.88925159256412e-07,7.48960252483499e-07,381,3.52594876289368
"aizawa",3,60,3.69897000433602,"weak/smoothed/m=1w/p=4",20,0.7,1,11.5,7,0,0.650035257038931,0.000228091223741624,2849.95579645595,0.00343450805935001,0.0194110304404598,3.62858370944862e-05,7.76257803686286e-05,829,3.50665247440338
"aizawa",3,60,3.69897000433602,"weak/smoothed/m=1w/p=8",20,0.75,1,12,7,0,0.650007445263303,0.00035161787473471,1848.59186795763,0.00523339316265225,-0.34105136108877,2.3721551259925e-07,9.93205234500749e-07,829,3.02571725845337
"aizawa",3,60,3.69897000433602,"weak/smoothed/m=2w/p=4",20,0.5,1,11.5,7.5,0.5,0.650000051450204,0.000120474373937618,5395.18469884891,0.00126466117499829,-0.0870133561601737,2.26284588840086e-06,4.72127197115313e-06,381,4.46581733226776
"aizawa",3,60,3.69897000433602,"weak/smoothed/m=2w/p=8",20,0.65,1,10.5,7,0,0.650003721423556,0.000187469846594961,3467.47587499631,0.00193663630327572,-0.399881154921892,1.88925159256412e-07,7.48960252483499e-07,381,3.35573029518128
"aizawa",3,Inf,3.69897000433602,"sg",20,0,1,25.5,22.5,16,0.650000116712269,2.94763096418101e-07,2205676.06805496,1.0136213344598e-05,0.98137349019692,1.09772958173858e-05,9.91895171299496e-05,5000,15.2328287363053
"aizawa",3,Inf,3.69897000433602,"weak/raw/m=1w/p=4",20,0,1,22.5,14.5,8,0.650029351596568,2.14731887317875e-08,30272275.3208589,3.32270517729381e-07,0.770837889933337,3.62858370944862e-05,7.76257803686286e-05,829,17.1620043516159
"aizawa",3,Inf,3.69897000433602,"weak/raw/m=1w/p=8",20,0.2,1,21,14.5,8,0.650000011551202,1.48471424177158e-08,43789194.0779041,2.29387626581973e-07,0.698172695781845,2.3721551259925e-07,9.93205234500749e-07,829,10.8589607477188
"aizawa",3,Inf,3.69897000433602,"weak/raw/m=2w/p=4",20,0.2,1,21,9,2,0.650001834018438,1.6439838245638e-08,39548146.8043462,1.68675800960332e-07,0.126425514079934,2.26284588840086e-06,4.72127197115313e-06,381,19.835237622261
"aizawa",3,Inf,3.69897000433602,"weak/raw/m=2w/p=8",20,0.3,1,20,8,1,0.649999991854983,1.79386858571395e-08,36252088.2837521,1.84795131666318e-07,0.0546788705495861,1.88925159256412e-07,7.48960252483499e-07,381,12.9502966403961
"aizawa",3,Inf,3.69897000433602,"weak/smoothed/m=1w/p=4",20,0,1,21,14,7,0.650029357839639,2.53894154994421e-08,25603795.3704797,3.96461284351975e-07,0.753658321909039,3.62858370944862e-05,7.76257803686286e-05,829,13.109277009964
"aizawa",3,Inf,3.69897000433602,"weak/smoothed/m=1w/p=8",20,0.15,1,21.5,14.5,8,0.650000018475142,1.85815989449993e-08,34981147.4042629,2.88434643858263e-07,0.700246667307641,2.3721551259925e-07,9.93205234500749e-07,829,12.4513384103775
"aizawa",3,Inf,3.69897000433602,"weak/smoothed/m=2w/p=4",20,0.15,1,20.5,9.5,2.5,0.650001841347994,1.98867662813003e-08,32686012.6145416,2.03511822295615e-07,0.0650705605110921,2.26284588840086e-06,4.72127197115313e-06,381,19.0867686271667
"aizawa",3,Inf,3.69897000433602,"weak/smoothed/m=2w/p=8",20,0.2,1,20,9,2,0.649999998325216,2.22619268394804e-08,29198814.1799106,2.28589271499732e-07,0.0102882406903548,1.88925159256412e-07,7.48960252483499e-07,381,13.9844985008239
"dadras",1,49,4,"sg",20,1,0,3,3,0,0.00495571990272142,0.00370346426111861,1.16129975855138,0.350699802836521,0.783026553389633,0.290844726171048,7.80728134739341,10000,2.99011313915253
"dadras",1,49,4,"weak/raw/m=1w/p=4",20,1,0,3,3,0,0.000333916315913868,0.00141445831153662,0.23453476744439,0.0548106079342435,0.0761991222898629,0.000418781518415699,0.00253106329138575,1663,1.30557096004486
"dadras",1,49,4,"weak/raw/m=1w/p=8",20,1,0,3,3,0,0.000339408453047821,0.00213557699085076,0.159336325417228,0.083101442907363,-0.304831195964353,1.07934388243018e-06,8.13005157951352e-06,1663,1.12668490409851
"dadras",1,49,4,"weak/raw/m=2w/p=4",20,1,0,3,3,0,0.000401159907997173,0.000854969323446522,0.4646094165149,0.0224105711956103,0.10186527005676,1.90385601253646e-05,7.81627457868694e-05,766,1.28475594520569
"dadras",1,49,4,"weak/raw/m=2w/p=8",20,1,0,3,3,0,0.000411096618800637,0.00122316579672903,0.338568862870021,0.0318573184007786,-0.262728612028743,5.65417641503113e-07,2.92157750614308e-06,766,1.12847447395324
"dadras",1,49,4,"weak/smoothed/m=1w/p=4",20,1,0,3,3,0,0.000367504400021662,0.00142211795826275,0.261784053856852,0.0549396312788739,0.0719002722493531,0.000418781518415699,0.00253106329138575,1663,1.31193518638611
"dadras",1,49,4,"weak/smoothed/m=1w/p=8",20,1,0,3,3,0,0.000348841401100901,0.0021324560489104,0.165545371109399,0.0827508868320137,-0.299553129557224,1.07934388243018e-06,8.13005157951352e-06,1663,1.15398740768432
"dadras",1,49,4,"weak/smoothed/m=2w/p=4",20,1,0,3,3,0,0.000384579472062927,0.000855080559513061,0.445298781658527,0.0223874597754586,0.102232090655941,1.90385601253646e-05,7.81627457868694e-05,766,1.29962253570557
"dadras",1,49,4,"weak/smoothed/m=2w/p=8",20,1,0,3,3,0,0.000387673016893346,0.00122187335277164,0.319319009804764,0.0318418926477088,-0.264677716478404,5.65417641503113e-07,2.92157750614308e-06,766,1.14628505706787
"dadras",1,49,5,"sg",20,0.7,0.3,3,3,0,0.00426787632147958,0.0013861358165308,3.13255078156619,0.419375332368658,0.779227869262185,0.3714601875239,24.5923030318982,1e+05,26.2961431741715
"dadras",1,49,5,"weak/raw/m=1w/p=4",20,1,0,3,3,0,-4.23605067264126e-05,0.000450116805610952,-0.0944534605480093,0.0553828948274687,0.0699808261486708,0.000420357790238412,0.00329542157026807,16663,5.56666350364685
"dadras",1,49,5,"weak/raw/m=1w/p=8",20,1,0,3,3,0,-1.30973767606738e-05,0.000679632123180677,-0.0192773887039914,0.0838836222457253,-0.301250820815845,1.08934170129626e-06,8.76044407505105e-06,16663,5.23337888717652
"dadras",1,49,5,"weak/raw/m=2w/p=4",20,1,0,3,3,0,-3.92231212696973e-05,0.0002707955729979,-0.145550279695615,0.0225804401566843,0.115498854895209,1.90414464217434e-05,9.83127456617439e-05,7689,3.89396500587463
"dadras",1,49,5,"weak/raw/m=2w/p=8",20,1,0,3,3,0,-2.61255796995428e-05,0.000388706273826618,-0.0669779050202258,0.0323999176234745,-0.256615014188222,5.67705235136513e-07,4.25877624365967e-06,7689,3.66418850421906
"dadras",1,49,5,"weak/smoothed/m=1w/p=4",20,1,0,3,3,0,-1.59824967088715e-05,0.000450623195412001,-0.0355622525053461,0.0554917962341868,0.0680596468355315,0.000420357790238412,0.00329542157026807,16663,5.56922018527985
"dadras",1,49,5,"weak/smoothed/m=1w/p=8",20,1,0,3,3,0,4.23519889273156e-05,0.000678031934316493,0.0624559345611297,0.0838160096270351,-0.302958201211548,1.08934170129626e-06,8.76044407505105e-06,16663,5.27997219562531
"dadras",1,49,5,"weak/smoothed/m=2w/p=4",20,1,0,3,3,0,-5.13948859974588e-05,0.000270815809790397,-0.190542719043457,0.0225887362048643,0.115158200170726,1.90414464217434e-05,9.83127456617439e-05,7689,4.07257783412934
"dadras",1,49,5,"weak/smoothed/m=2w/p=8",20,1,0,3,3,0,-3.75519397169285e-05,0.000388569546204726,-0.0962300003799034,0.0324026727019341,-0.256832176802978,5.67705235136513e-07,4.25877624365967e-06,7689,3.59247803688049
"dadras",1,49,5.5,"sg",20,0,1,3,3,0,0.00439444653525191,0.00080212239824692,5.76464631108118,0.429694714734633,0.778046876771441,0.382512383771064,39.8667256006329,316228,95.5936834812165
"dadras",1,49,5.5,"weak/raw/m=1w/p=4",20,1,0,3,3,0,4.23124636360867e-05,0.000253161257418821,0.166847543272462,0.0553824154911518,0.0687558317438021,0.000419551659393532,0.0035335499150051,52701,14.8809180259704
"dadras",1,49,5.5,"weak/raw/m=1w/p=8",20,1,0,3,3,0,3.66343814691097e-05,0.000383127159159426,0.0958056061619234,0.0838823541519052,-0.303441185290121,1.090867815841e-06,8.96782599824064e-06,52701,14.7226172685623
"dadras",1,49,5.5,"weak/raw/m=2w/p=4",20,1,0,3,3,0,4.04197437907623e-05,0.000151927078567614,0.265702460252214,0.0224905624386776,0.112798946868956,1.8995740976835e-05,0.000104677102821249,24322,8.71139788627625
"dadras",1,49,5.5,"weak/raw/m=2w/p=8",20,1,0,3,3,0,4.33307360726211e-05,0.000217462661819856,0.199206903808541,0.0322916088266588,-0.257808825334354,5.66697647906337e-07,4.56775904567053e-06,24322,8.35534310340882
"dadras",1,49,5.5,"weak/smoothed/m=1w/p=4",20,1,0,3,3,0,7.29183185561564e-05,0.000253651548721166,0.286643546564503,0.055485582943794,0.0671535374882504,0.000419551659393532,0.0035335499150051,52701,14.924880862236
"dadras",1,49,5.5,"weak/smoothed/m=1w/p=8",20,1,0,3,3,0,0.000109196468001992,0.000382065474518676,0.282791451554062,0.0837589189356059,-0.302799923126203,1.090867815841e-06,8.96782599824064e-06,52701,15.015450000763
"dadras",1,49,5.5,"weak/smoothed/m=2w/p=4",20,1,0,3,3,0,2.48931783499218e-05,0.000151961333542756,0.16377672480165,0.0224918250400684,0.112587006400895,1.8995740976835e-05,0.000104677102821249,24322,8.06231677532196
"dadras",1,49,5.5,"weak/smoothed/m=2w/p=8",20,1,0,3,3,0,3.86500185056118e-05,0.000217499703105999,0.177623918354451,0.0323115327730706,-0.258380638478544,5.66697647906337e-07,4.56775904567053e-06,24322,8.36194586753845
"rossler",3,61,3.69897000433602,"sg",20,1,1,2,2,0,0.200121605427841,0.000780052689631189,257.24411200375,0.0524072807600181,0.686877624476323,0.00193163157089229,0.0697855707025212,5000,4.14973878860474
"rossler",3,61,3.69897000433602,"weak/raw/m=1w/p=4",20,1,1,2,2,0,0.200101714701027,0.000495629868267224,403.589236393412,0.0134824743807179,0.138769631734635,0.000369802142973768,0.0024668619226958,829,2.84820759296418
"rossler",3,61,3.69897000433602,"weak/raw/m=1w/p=8",20,1,1,2,2,0,0.200078001041853,0.000719798326205669,278.194783948295,0.0196098365186268,-0.245448552248496,1.04170106801665e-06,1.08299315712545e-05,829,2.52608668804169
"rossler",3,61,3.69897000433602,"weak/raw/m=2w/p=4",20,1,1,2,2,0,0.200081361449549,0.000337707199708973,592.898525080607,0.00623949047822907,0.239907092457091,1.90631706726962e-05,0.000113845467037521,381,3.29809844493866
"rossler",3,61,3.69897000433602,"weak/raw/m=2w/p=8",20,1,1,2,2,0,0.200071272342613,0.000462979740544151,432.043252706912,0.00851038096297971,-0.126525442422992,6.8702765329906e-07,6.0843275040412e-06,381,2.97806906700134
"rossler",3,61,3.69897000433602,"weak/smoothed/m=1w/p=4",20,1,1,2,2,0,0.200098709057696,0.000494679099000502,404.369898339459,0.0134581563413371,0.142318674089357,0.000369802142973768,0.0024668619226958,829,2.89438021183013
"rossler",3,61,3.69897000433602,"weak/smoothed/m=1w/p=8",20,1,1,2,2,0,0.200080676337892,0.000711789561325209,281.328128021741,0.019391650152365,-0.234585923948778,1.04170106801665e-06,1.08299315712545e-05,829,2.5283442735672
"rossler",3,61,3.69897000433602,"weak/smoothed/m=2w/p=4",20,1,1,2,2,0,0.20008137826144,0.00033772470048673,592.868173110503,0.00623981529662917,0.240084081703552,1.90631706726962e-05,0.000113845467037521,381,3.47979569435119
"rossler",3,61,3.69897000433602,"weak/smoothed/m=2w/p=8",20,1,1,2,2,0,0.200071344998289,0.000462905975484215,432.112296105026,0.00850844379390467,-0.126400935594695,6.8702765329906e-07,6.0843275040412e-06,381,2.94985949993134
"rossler",3,Inf,3.69897000433602,"sg",20,1,1,2,2,0,0.200003934572535,2.78067861094464e-05,7196.9505092401,0.00185749823232043,0.783778780327671,0.00193163157089229,0.0697855707025212,5000,11.3674490451812
"rossler",3,Inf,3.69897000433602,"weak/raw/m=1w/p=4",20,1,1,2,2,0,0.200008109530427,9.02241132260273e-07,221770.030962157,2.47460701836655e-05,0.831294886504139,0.000369802142973768,0.0024668619226958,829,19.4888536930085
"rossler",3,Inf,3.69897000433602,"weak/raw/m=1w/p=8",20,1,1,2,2,0,0.200000003846242,3.68110490165829e-08,5435020.62232205,1.01149850086992e-06,0.466898413075858,1.04170106801665e-06,1.08299315712545e-05,829,4.02455687522888
"rossler",3,Inf,3.69897000433602,"weak/raw/m=2w/p=4",20,1,1,2,2,0,0.20000039467042,2.43384334725173e-07,822354.680912788,4.50746751888303e-06,0.429461778616727,1.90631706726962e-05,0.000113845467037521,381,52.0304710865021
"rossler",3,Inf,3.69897000433602,"weak/raw/m=2w/p=8",20,1,1,2,2,0,0.199999999192041,3.66231361007494e-08,5465025.4933562,6.78332196358874e-07,-0.288441034503741,6.8702765329906e-07,6.0843275040412e-06,381,19.9185047149658
"rossler",3,Inf,3.69897000433602,"weak/smoothed/m=1w/p=4",20,1,1,2,2,0,0.200008094760491,1.32075499730518e-06,151696.974892241,3.62660641507202e-05,0.724260654022084,0.000369802142973768,0.0024668619226958,829,18.0660405158997
"rossler",3,Inf,3.69897000433602,"weak/smoothed/m=1w/p=8",20,1,1,2,2,0,0.199999959720322,5.89686578908267e-07,339202.97465252,1.61933697472449e-05,0.523109956597148,1.04170106801665e-06,1.08299315712545e-05,829,18.1577227115631
"rossler",3,Inf,3.69897000433602,"weak/smoothed/m=2w/p=4",20,1,1,2,2,0,0.200000352335708,5.65603668920585e-07,353834.326671593,1.05011273499648e-05,0.0169932402532899,1.90631706726962e-05,0.000113845467037521,381,40.8949767351151
"rossler",3,Inf,3.69897000433602,"weak/smoothed/m=2w/p=8",20,1,1,2,2,0,0.199999963255723,5.44551402900054e-07,367320.09589066,1.00947134552009e-05,-0.323926398746055,6.8702765329906e-07,6.0843275040412e-06,381,37.8828958272934
