"trial","log10n","n","snr","selected","selected_intercept","final","final_intercept","success","int_mean","int_lo","int_hi","ols_int_true_support","ols_int_se","mean_d","sd_d","mean_g","sd_g","ols_int_clean_library","ols_int_clean_library_se","sigma","n_k_gt_0.7","n_k_gt_0.5","k_max","frac_k_gt_0.7","flagged_t_min","flagged_t_max","flagged_clusters","recorded_clusters","refit_without_flagged_int_kept","refit_without_flagged_int_mean","t_stan_s","t_loo_s"
1,4,10000,49,"x1;x2;x2 x3",FALSE,"x1;x2;x2 x3",FALSE,TRUE,NA,NA,NA,0.00174285014235067,0.00294904086626737,-4.4276469058386e-05,0.287054913233624,-0.000411859427049216,0.0385670957860382,0.00204043886194324,0.00297314230526984,0.279997433444335,0,0,0.460322224926192,0,NA,NA,0,0,NA,NA,2.35116529464722,13.304728269577
2,4,10000,49,"x1;x2;x2 x3",FALSE,"x1;x2;x2 x3",FALSE,TRUE,NA,NA,NA,0.00201343700223643,0.00270287363310422,4.25278432392941e-05,0.252072388985501,0.000856663239128926,0.0381164332096051,0.00113533007083961,0.00269615024550566,0.24966263333071,0,0,0.381868447414486,0,NA,NA,0,0,NA,NA,2.36020946502686,14.2671387195587
3,4,10000,49,"x1;x2;x2 x3",FALSE,"x1;x2;x2 x3",FALSE,TRUE,NA,NA,NA,0.00904265462312856,0.00491238600645476,2.72847434006506e-05,0.516075571062777,-0.000413784568384672,0.0480653138128147,0.00940902243473056,0.00508774869163796,0.478406814822012,6,10,4.14787398172214,6e-04,26.53,26.59,1,1,NA,NA,2.27128267288208,13.1418783664703
4,4,10000,49,"x1;x2;x2 x3",FALSE,"x1;x2;x2 x3",FALSE,TRUE,NA,NA,NA,0.00629088835782681,0.00366517519887971,0.000284883203794241,0.364559983142683,0.000205316974468123,0.0392682277730181,0.00559415804100131,0.00371496628266739,0.34910349843103,8,9,1.08978847558053,8e-04,13.03,66.09,2,2,NA,NA,2.32110595703125,15.3137428760529
5,4,10000,49,"x1;x2;x2 x3",FALSE,"x1;x2;x2 x3",FALSE,TRUE,NA,NA,NA,0.00636508924810855,0.00405465418443655,-6.43789538880535e-05,0.41775137350563,0.00029664817146126,0.0397283440656345,0.00635116287710454,0.00414117378476966,0.392947866551924,0,3,0.640456237243372,0,NA,NA,0,1,NA,NA,2.24902486801147,13.3480226993561
6,4,10000,49,"x1;x2;x2 x3",FALSE,"x1;x2;x2 x3",FALSE,TRUE,NA,NA,NA,0.0101487110488011,0.00803623521131986,0.000235275463165991,0.860191950464045,-0.000178827918199885,0.0893359925239694,0.0101172200680301,0.00851491781872315,0.766099529287747,9,10,4.28958666788421,9e-04,85.91,86.01,1,1,NA,NA,2.18989610671997,13.3910765647888
7,4,10000,49,"x1;x2;x2 x3",FALSE,"x1;x2;x2 x3",FALSE,TRUE,NA,NA,NA,0.00323344028545398,0.00409754085858023,-0.000295393452253982,0.412543748704174,0.000560231376036882,0.0434474758664625,0.00290712218104167,0.00422956519614644,0.387924536441067,5,6,1.97174132436411,5e-04,51.41,51.47,1,1,NA,NA,2.32967257499695,14.0283024311066
8,4,10000,49,"x1;x2;x2 x3",FALSE,"x1;x2;x2 x3",FALSE,TRUE,NA,NA,NA,0.00227215409091537,0.0037417533233575,-9.91909464569547e-06,0.355682013590322,-0.000113569498397333,0.0413581845306809,0.00188883997264883,0.00378272775992823,0.343319875926204,5,6,1.83105986955425,5e-04,56.92,56.98,1,1,NA,NA,2.27446699142456,14.0181124210358
9,4,10000,49,"x1;x2;x2 x3",FALSE,"x1;x2;x2 x3",FALSE,TRUE,NA,NA,NA,0.00685615051592932,0.00447216212473867,-0.000499712905711405,0.462749458196648,0.000287004939809691,0.0439140110313372,0.00690665496502848,0.00460039764972498,0.432828180669385,6,8,1.82588983577573,6e-04,40.39,40.46,1,1,NA,NA,2.32977962493896,14.0171420574188
10,4,10000,49,"x1;x2;x2 x3",FALSE,"x1;x2;x2 x3",FALSE,TRUE,NA,NA,NA,0.0045668923340182,0.00430948394511516,-9.10256097862839e-05,0.450125827499777,-0.000371605640725979,0.0453440567080018,0.00542354012310627,0.00445080120406989,0.419441615140633,6,7,2.37274845308427,6e-04,50.33,50.4,1,2,NA,NA,2.24272274971008,13.4950301647186
11,4,10000,49,"x1;x2;x2 x3",FALSE,"x1;x2;x2 x3",FALSE,TRUE,NA,NA,NA,0.00146381866900237,0.00283293315393018,3.02451835766534e-06,0.280670803408538,0.000497495786910851,0.036295657633376,0.00138667283483366,0.00286007584932432,0.272512650948712,1,2,0.708379073134132,1e-04,28.62,28.62,1,1,NA,NA,3.55726170539856,18.0204384326935
12,4,10000,49,"x1;x2;x2 x3",FALSE,"x1;x2;x2 x3",FALSE,TRUE,NA,NA,NA,0.00534454747142464,0.00360934253935233,5.89788511846909e-05,0.371807145479664,-0.00019803543064077,0.0388439869685067,0.00528277211852825,0.00368912318174238,0.352302735316673,6,6,1.85162571350749,6e-04,97.6,97.67,1,1,NA,NA,2.26445174217224,13.8720715045929
13,4,10000,49,"x1;x2;x2 x3",FALSE,"x1;x2;x2 x3",FALSE,TRUE,NA,NA,NA,0.00597910711383891,0.00340304024323853,0.000209354306738831,0.342421290845193,0.000350302759968426,0.0371905878520783,0.0052002571765394,0.00344261105953445,0.328327517861453,3,6,1.0395270459684,3e-04,96.08,96.14,1,1,NA,NA,2.31708455085754,13.5679078102112
14,4,10000,49,"x1;x2;x2 x3",FALSE,"x1;x2;x2 x3",FALSE,TRUE,NA,NA,NA,0.0122482339912306,0.00896937462292568,-0.00014613896585184,0.981982530689164,-2.01053014835658e-05,0.0946987066086112,0.0117858127172159,0.00951473942143925,0.860084078037106,12,12,2.36757876840842,0.0012,40.45,84.04,2,2,NA,NA,2.14850258827209,13.7683067321777
15,4,10000,49,"x1;x2;x2 x3",FALSE,"x1;x2;x2 x3",FALSE,TRUE,NA,NA,NA,0.00064358014831675,0.00261185980704008,-7.12403236066591e-05,0.240676348853633,0.00141424680251192,0.0360605103644801,0.000527401039250697,0.0026026838005953,0.239417838104753,0,0,0.174017855197612,0,NA,NA,0,0,NA,NA,2.46933341026306,14.3177134990692
16,4,10000,49,"x1;x2;x2 x3",FALSE,"x1;x2;x2 x3",FALSE,TRUE,NA,NA,NA,-4.96071245839269e-05,0.00249347807209649,-0.000200101551193569,0.229963002416079,-0.000944020532148062,0.0332622788499276,0.00062172972971186,0.00246997721665046,0.230493997927307,0,0,0.168684302185937,0,NA,NA,0,0,NA,NA,2.3648476600647,14.2632622718811
17,4,10000,49,"x1;x2;x2 x3",FALSE,"x1;x2;x2 x3",FALSE,TRUE,NA,NA,NA,0.00268996729651836,0.00358618261197119,-5.57684823927717e-05,0.359521628395301,-0.00133025083908821,0.0376272572261154,0.00402045791277777,0.0036447685922887,0.343190844163843,6,8,0.908915175062342,6e-04,7.52,53.64,2,2,NA,NA,2.2855167388916,13.6551582813263
18,4,10000,49,"x1;x2;x2 x3",FALSE,"x1;x2;x2 x3",FALSE,TRUE,NA,NA,NA,0.00794525300521359,0.00430165001889277,0.000490098019719928,0.449374307331357,0.000708495464032164,0.043842955071129,0.00770655127371402,0.00442965909499039,0.418743373204392,2,8,0.702690377977907,2e-04,73.49,73.5,1,2,NA,NA,2.27341818809509,14.2325916290283
19,4,10000,49,"x1;x2;x2 x3",FALSE,"x1;x2;x2 x3",FALSE,TRUE,NA,NA,NA,0.000884673790654452,0.00263468767283089,9.34878313917443e-05,0.237672577892159,0.000994932516409541,0.0354839245024152,5.12214704314672e-05,0.00261889654209089,0.237059386343115,0,0,0.268969628178887,0,NA,NA,0,0,NA,NA,2.40097880363464,13.1618530750275
20,4,10000,49,"x1;x2;x2 x3",FALSE,"x1;x2;x2 x3",FALSE,TRUE,NA,NA,NA,0.0107346786812232,0.00678733141169992,0.000336049449535497,0.720740257130835,0.00142376084792089,0.0703734434547917,0.00931577931456037,0.00711643485239661,0.652842206734832,9,10,4.6407819187193,9e-04,4.32,4.42,1,1,NA,NA,2.17715907096863,13.3514335155487
1,4.4,25119,49,"x1;x2;x2 x3",FALSE,"x1;x2;x2 x3",FALSE,TRUE,NA,NA,NA,0.00451197474043789,0.00302205605718329,2.98637933913711e-06,0.492122399160147,0.000560810138020443,0.0497983641532419,0.00452141356827392,0.00312920702600272,0.457301846260299,11,15,2.31805775936305,0.000437915522114734,109.89,141.85,2,2,NA,NA,5.18905830383301,34.936872959137
2,4.4,25119,49,"x1;x2;x2 x3",FALSE,"x1;x2;x2 x3",FALSE,TRUE,NA,NA,NA,0.00187486805129099,0.00208266379714719,-4.44981635865737e-05,0.325336389605439,-0.000407591999562599,0.0388795880116042,0.002195759041908,0.0021120061707568,0.314306893747584,6,6,1.96348020707522,0.000238863012062582,182.04,182.11,1,1,NA,NA,5.27546453475952,37.9480714797974
3,4.4,25119,49,"x1;x2;x2 x3",FALSE,"x1;x2;x2 x3",FALSE,TRUE,NA,NA,NA,0.00971754181463782,0.00360393686471167,-1.85414685717256e-05,0.606921197840343,0.000342385621635673,0.0622058112355714,0.00988841028321707,0.00378714517390804,0.554208331449163,14,16,5.5045901246207,0.000557347028146025,26.53,209.74,2,2,NA,NA,5.22573590278625,37.4459681510925
4,4.4,25119,49,"x1;x2;x2 x3",FALSE,"x1;x2;x2 x3",FALSE,TRUE,NA,NA,NA,0.00225272815193523,0.00193839038861308,-4.69423202396116e-05,0.293585284478223,0.00040006966411863,0.037678144178875,0.00187750414280143,0.00194943168984063,0.287130334300957,8,11,1.20236234703337,0.000318484016083443,13.03,66.09,2,2,NA,NA,5.41776967048645,36.2624480724335
5,4.4,25119,49,"x1;x2;x2 x3",FALSE,"x1;x2;x2 x3",FALSE,TRUE,NA,NA,NA,0.00283410262399094,0.00209950290727973,-0.00011665500789662,0.331793716835718,-0.000299022082277071,0.0379458731906912,0.0030860920464116,0.00212157028263076,0.320094624606704,2,4,0.733605424075177,7.96210040208607e-05,51.59,51.6,1,2,NA,NA,5.23227572441101,34.8444812297821
6,4.4,25119,49,"x1;x2;x2 x3",FALSE,"x1;x2;x2 x3",FALSE,TRUE,NA,NA,NA,0.0093891526377951,0.0043861424413768,-4.32109695133047e-05,0.742787106552399,-0.000278174059558649,0.0755816693324568,0.0103327913802964,0.00463066295513136,0.668125793513724,14,18,3.71974851158348,0.000557347028146025,85.92,149.73,2,2,NA,NA,5.09453797340393,36.1138169765472
7,4.4,25119,49,"x1;x2;x2 x3",FALSE,"x1;x2;x2 x3",FALSE,TRUE,NA,NA,NA,0.00125683929782701,0.00214263800889299,0.000132385666114829,0.332300340523164,-0.000792114876953284,0.0396666954040733,0.00222289464894216,0.00217959589742726,0.319793606662942,6,9,2.0827292654391,0.000238863012062582,51.41,51.47,1,1,NA,NA,5.34177017211914,34.4878170490265
8,4.4,25119,49,"x1;x2;x2 x3",FALSE,"x1;x2;x2 x3",FALSE,TRUE,NA,NA,NA,0.00588014285774632,0.0029400620819124,-4.30557409908619e-05,0.484254643235846,-0.000476494564698559,0.0495242973589605,0.00644882022904766,0.00304676032804342,0.449623470904394,8,10,3.22458590524614,0.000318484016083443,153.1,153.2,1,1,NA,NA,5.20515298843384,35.2979891300201
9,4.4,25119,49,"x1;x2;x2 x3",FALSE,"x1;x2;x2 x3",FALSE,TRUE,NA,NA,NA,0.00366423653679745,0.00232785031538616,-4.76813060908456e-05,0.375564108151101,-0.000514077198048135,0.0411289804221927,0.0042216614813577,0.00238429578298828,0.355761467207185,5,6,1.46888931525776,0.000199052510052152,40.39,40.45,1,1,NA,NA,5.11025667190552,33.7050106525421
10,4.4,25119,49,"x1;x2;x2 x3",FALSE,"x1;x2;x2 x3",FALSE,TRUE,NA,NA,NA,0.00561329338207505,0.00256903153153168,0.000112685160632788,0.419185888640308,0.000414709108178445,0.0421177260308276,0.00514812811426498,0.00262712650249375,0.394547989159955,6,12,1.33939715263513,0.000238863012062582,50.34,105.63,2,3,NA,NA,5.14049482345581,33.1830463409424
11,4.4,25119,49,"x1;x2;x2 x3",FALSE,"x1;x2;x2 x3",FALSE,TRUE,NA,NA,NA,0.00265261535726753,0.00250826249751206,7.91323225824208e-05,0.40298434239502,-0.000353356805147387,0.0433543983081233,0.00340415725459845,0.00257662646538671,0.380990359352783,6,7,2.77281996082109,0.000238863012062582,195.81,195.87,1,1,NA,NA,5.21739840507507,36.0611152648926
12,4.4,25119,49,"x1;x2;x2 x3",FALSE,"x1;x2;x2 x3",FALSE,TRUE,NA,NA,NA,0.00386049549111185,0.00229575803268333,-5.36467354687925e-05,0.366936045045541,-0.000563697474235543,0.0397775409253941,0.00447391282291488,0.00233051816762138,0.350975820054131,4,8,1.05172639056352,0.000159242008041721,97.61,97.67,1,2,NA,NA,5.13549613952637,35.140486240387
13,4.4,25119,49,"x1;x2;x2 x3",FALSE,"x1;x2;x2 x3",FALSE,TRUE,NA,NA,NA,0.00288005923238755,0.00244529703997792,-7.1171772127407e-05,0.382026229506788,0.000261845853031952,0.0399206574473743,0.00316197882263542,0.00249832989808779,0.363597586338983,10,10,1.75149606741159,0.000398105020104304,119.7,136.14,2,2,NA,NA,5.35334730148315,35.63804936409
14,4.4,25119,49,"x1;x2;x2 x3",FALSE,"x1;x2;x2 x3",FALSE,TRUE,NA,NA,NA,0.00968639600248057,0.00443355118688889,-1.00485369782484e-05,0.749438208711576,0.000264064960702461,0.070439631954136,0.00973652224073005,0.00465860425527524,0.674149214136744,11,19,2.60879555673905,0.000437915522114734,40.45,198.72,3,4,NA,NA,5.02470016479492,36.4702339172363
15,4.4,25119,49,"x1;x2;x2 x3",FALSE,"x1;x2;x2 x3",FALSE,TRUE,NA,NA,NA,0.000651041943063905,0.00168054048277136,-6.17372174226029e-05,0.249505332328488,-9.45885753150531e-05,0.0374352067833686,0.000810689333627818,0.00166875553296975,0.248834825527645,0,0,0.190244940220078,0,NA,NA,0,0,NA,NA,5.38803124427795,36.1978526115417
16,4.4,25119,49,"x1;x2;x2 x3",FALSE,"x1;x2;x2 x3",FALSE,TRUE,NA,NA,NA,0.00344305884374928,0.00220918111058352,-1.84161457951726e-05,0.347973860382942,0.0001066154356784,0.0385731045426332,0.00333159767898133,0.00224512755602088,0.334301486999906,5,10,2.27786250448774,0.000199052510052152,205.22,205.28,1,2,NA,NA,5.15028142929077,34.2211771011353
17,4.4,25119,49,"x1;x2;x2 x3",FALSE,"x1;x2;x2 x3",FALSE,TRUE,NA,NA,NA,0.0038299289353735,0.00234607571749228,-0.000170479409666484,0.369877265604246,0.000137970723408234,0.0387414994420464,0.00359261729591045,0.00238052904098175,0.354758654226372,4,6,1.18503070281427,0.000159242008041721,172.34,172.4,1,1,NA,NA,5.2340772151947,35.676887512207
18,4.4,25119,49,"x1;x2;x2 x3",FALSE,"x1;x2;x2 x3",FALSE,TRUE,NA,NA,NA,0.005583581509111,0.00324241323474634,0.000151790442678783,0.539674103523697,-9.1148034825857e-06,0.0563127734438254,0.00570901161149012,0.00338475560199259,0.498239686851282,8,9,3.79424653637528,0.000318484016083443,191.12,191.22,1,1,NA,NA,5.12764739990234,35.5797479152679
19,4.4,25119,49,"x1;x2;x2 x3",FALSE,"x1;x2;x2 x3",FALSE,TRUE,NA,NA,NA,-0.000252160310228996,0.00177898459583228,-6.5381488228862e-05,0.255721996514243,0.000233404814458399,0.0373623412479162,-9.33924552537145e-06,0.00177373919302811,0.253351685872289,0,0,0.356522198812514,0,NA,NA,0,0,NA,NA,5.41557383537292,36.7765078544617
20,4.4,25119,49,"x1;x2;x2 x3",FALSE,"x1;x2;x2 x3",FALSE,TRUE,NA,NA,NA,0.00919057825154306,0.00360811531185991,8.73954268866469e-05,0.606794243497189,7.26263556629033e-05,0.0599012065732425,0.00907835534280681,0.00377241869346388,0.55491535163199,13,15,4.48278479703411,0.000517536526135595,4.35,156.78,2,2,NA,NA,5.1705539226532,35.9454493522644
1,4.6,39811,49,"x1;x2;x2 x3",FALSE,"x1;x2;x2 x3",FALSE,TRUE,NA,NA,NA,0.00510565692383087,0.00239217335829481,-3.00041225609662e-05,0.49503825695693,-0.000314753648702223,0.0499896184805917,0.00566779025444336,0.00248112480174427,0.458700035315759,14,22,2.22609604137266,0.000351661601065032,109.89,339.24,3,4,NA,NA,8.31518602371216,57.5880689620972
2,4.6,39811,49,"x1;x2;x2 x3",FALSE,"x1;x2;x2 x3",FALSE,TRUE,NA,NA,NA,0.00368892451310946,0.00215975897528668,9.06532275088809e-05,0.437258004995866,5.34164788134004e-05,0.045637558260412,0.00399001656115647,0.00222332262887739,0.412396123600565,11,15,3.55638689246452,0.000276305543693954,182.05,347.45,2,2,NA,NA,7.99474763870239,56.3238613605499
3,4.6,39811,49,"x1;x2;x2 x3",FALSE,"x1;x2;x2 x3",FALSE,TRUE,NA,NA,NA,0.00678906311280721,0.00249380370336414,-4.91625344792157e-05,0.518926201846735,0.000649645031465312,0.0545793802274231,0.00629509727551027,0.00260380502612539,0.480925315236614,10,15,4.44369012768041,0.000251186857903594,26.53,209.74,2,2,NA,NA,8.05556726455688,57.0395410060883
4,4.6,39811,49,"x1;x2;x2 x3",FALSE,"x1;x2;x2 x3",FALSE,TRUE,NA,NA,NA,0.00166466992589596,0.00159795562229547,6.5870264435776e-05,0.31147228621622,-0.000278195948290765,0.0378990209494411,0.0021089793420268,0.00161128129423892,0.302783873450265,0,0,0.476873038009387,0,NA,NA,0,0,NA,NA,8.17018103599548,57.0495164394379
5,4.6,39811,49,"x1;x2;x2 x3",FALSE,"x1;x2;x2 x3",FALSE,TRUE,NA,NA,NA,0.00437800083360325,0.00186695270009054,7.69257189062551e-05,0.377578725150099,-0.00026119157034168,0.040783875524587,0.0045470817402077,0.00190753590000471,0.358645160867476,5,6,1.87274059953638,0.000125593428951797,375.11,375.17,1,1,NA,NA,8.09377527236938,57.0994849205017
6,4.6,39811,49,"x1;x2;x2 x3",FALSE,"x1;x2;x2 x3",FALSE,TRUE,NA,NA,NA,0.00680488464236142,0.00293035138242223,-1.70213417323561e-05,0.609205599550604,0.000367476357814018,0.0648853044275421,0.00672882128285499,0.00309320848301194,0.554652749920923,13,15,3.54820186576023,0.000326542915274673,85.92,149.72,2,2,NA,NA,12.9103949069977,97.4919006824493
7,4.6,39811,49,"x1;x2;x2 x3",FALSE,"x1;x2;x2 x3",FALSE,TRUE,NA,NA,NA,0.000400435822248362,0.00156440004253994,-4.06381168697368e-05,0.30131579830705,-0.000324443687757629,0.0383035906071344,0.00113769250883359,0.00158778242358342,0.292054651327189,4,6,1.75102599969951,0.000100474743161438,51.41,51.47,1,1,NA,NA,8.23415613174438,58.4437975883484
8,4.6,39811,49,"x1;x2;x2 x3",FALSE,"x1;x2;x2 x3",FALSE,TRUE,NA,NA,NA,0.0047280328331235,0.00212662411779714,-3.61159150703799e-06,0.435732020803659,0.000119957925422247,0.0451166379444624,0.00521525273467949,0.00219393648580933,0.408620843619112,7,12,3.27636754969072,0.000175830800532516,153.13,153.2,1,2,NA,NA,8.06351137161255,55.9653353691101
9,4.6,39811,49,"x1;x2;x2 x3",FALSE,"x1;x2;x2 x3",FALSE,TRUE,NA,NA,NA,0.00369535606223447,0.00208017102023809,-0.000142830645506056,0.421895650983891,-2.28822487753272e-05,0.0438412076920316,0.00385508721273259,0.00213674498338913,0.398059595497657,10,13,2.29759772278776,0.000251186857903594,40.4,308.23,2,2,NA,NA,8.11133527755737,56.2181482315063
10,4.6,39811,49,"x1;x2;x2 x3",FALSE,"x1;x2;x2 x3",FALSE,TRUE,NA,NA,NA,0.00574072832731784,0.00236661123521511,-2.02525931059635e-05,0.49059391383144,2.19862581172058e-05,0.0484798686248754,0.00591869811023134,0.00244926655958512,0.455545204589263,12,16,1.63205295260444,0.000301424229484313,50.34,274.57,3,4,NA,NA,7.97840929031372,56.5816648006439
11,4.6,39811,49,"x1;x2;x2 x3",FALSE,"x1;x2;x2 x3",FALSE,TRUE,NA,NA,NA,0.00390568173671107,0.0019638572613215,-1.15655742687893e-06,0.395251980930794,0.000347793354606363,0.0417401074098063,0.00349195791244748,0.00201248571108464,0.374678479376602,9,10,2.70267061400758,0.000226068172113235,195.8,367.51,2,2,NA,NA,8.18391013145447,56.4958922863007
12,4.6,39811,49,"x1;x2;x2 x3",FALSE,"x1;x2;x2 x3",FALSE,TRUE,NA,NA,NA,0.00930172806210976,0.0036690147394972,-7.44489301343548e-05,0.777809901362778,-0.000349006408115941,0.0998494572268783,0.0100266419875394,0.00392639293161514,0.699662316580593,11,16,9.3300170667794,0.000276305543693954,356.2,356.42,1,1,NA,NA,8.0321798324585,56.6338815689087
13,4.6,39811,49,"x1;x2;x2 x3",FALSE,"x1;x2;x2 x3",FALSE,TRUE,NA,NA,NA,0.00463303706655267,0.0022156837374968,1.71658412196336e-05,0.442257648302889,0.000573821249892856,0.045983199071599,0.00401735055379753,0.00228795229553225,0.415136254840078,10,17,4.39618795272128,0.000251186857903594,136.08,352.19,2,3,NA,NA,7.89070963859558,53.1931188106537
14,4.6,39811,49,"x1;x2;x2 x3",FALSE,"x1;x2;x2 x3",FALSE,TRUE,NA,NA,NA,0.0081188466735658,0.00299960656731555,0.000139082302766391,0.627458743373575,0.000175663170423226,0.060257285921167,0.00804260994307487,0.00313172972097211,0.573726050093301,21,27,4.2532953012228,0.000527492401597548,40.45,198.73,5,5,NA,NA,8.00778412818909,55.8562150001526
15,4.6,39811,49,"x1;x2;x2 x3",FALSE,"x1;x2;x2 x3",FALSE,TRUE,NA,NA,NA,0.000801052039031405,0.00134533808621667,-8.92439768914612e-05,0.25273422555573,3.22153953573497e-05,0.0362237409417399,0.00108997680008674,0.00133644878052558,0.251546505079559,0,0,0.144277543865282,0,NA,NA,0,0,NA,NA,8.26166486740112,56.6797330379486
16,4.6,39811,49,"x1;x2;x2 x3",FALSE,"x1;x2;x2 x3",FALSE,TRUE,NA,NA,NA,0.00934549295343551,0.0034943662469185,4.80334298404257e-05,0.745358604454224,-0.000549260472523023,0.0917344354251102,0.0101692067720296,0.00372715737006145,0.672400884582305,10,14,7.69553115417661,0.000251186857903594,293.8,293.93,1,1,NA,NA,12.1659860610962,71.8255319595337
17,4.6,39811,49,"x1;x2;x2 x3",FALSE,"x1;x2;x2 x3",FALSE,TRUE,NA,NA,NA,0.00275545150124622,0.00183508932133315,-7.06653030485895e-05,0.365527823404836,-0.000111084877719847,0.0401498896502794,0.0030385737809681,0.00187694181504467,0.347870036662125,7,12,1.37169302222793,0.000175830800532516,172.35,394.23,2,2,NA,NA,8.19472718238831,56.2414391040802
18,4.6,39811,49,"x1;x2;x2 x3",FALSE,"x1;x2;x2 x3",FALSE,TRUE,NA,NA,NA,0.00610196701964966,0.00235622553302897,9.51308390128442e-06,0.49257340791062,9.5259940466352e-05,0.0515812273967549,0.00585465929571552,0.00245072246278486,0.456524416252264,7,10,4.28193610897258,0.000175830800532516,191.15,191.22,1,2,NA,NA,7.9571647644043,54.6905145645142
19,4.6,39811,49,"x1;x2;x2 x3",FALSE,"x1;x2;x2 x3",FALSE,TRUE,NA,NA,NA,0.000969522319548724,0.0016413670857681,-9.01365100130242e-05,0.317921298139294,-0.000206272272195333,0.0379481073691502,0.00146694171314858,0.00166210079399943,0.307355356988503,5,6,1.50646875158116,0.000125593428951797,324,324.07,1,1,NA,NA,8.22778868675232,59.3705732822418
20,4.6,39811,49,"x1;x2;x2 x3",FALSE,"x1;x2;x2 x3",FALSE,TRUE,NA,NA,NA,0.00623653312666652,0.00256696616122289,-1.65417194633017e-05,0.537034189878318,-0.000396668251725811,0.0552327699880833,0.0063345951272993,0.00268136188582867,0.493877629127624,10,14,2.94297591063292,0.000251186857903594,4.35,156.78,2,3,NA,NA,7.91669917106628,53.4537217617035
1,4.8,63096,49,"x1;x2;x2 x3",FALSE,"x1;x2;x2 x3",FALSE,TRUE,NA,NA,NA,0.00446425260058999,0.00171922291987967,-6.10660552663996e-05,0.444396095449132,-0.000119001374407041,0.0456499238092167,0.00485165203820139,0.00177057026938076,0.416388093977907,8,15,1.55830314101972,0.000126790921770001,109.9,339.19,3,3,NA,NA,12.7399127483368,126.159086942673
2,4.8,63096,49,"x1;x2;x2 x3",FALSE,"x1;x2;x2 x3",FALSE,TRUE,NA,NA,NA,0.00452638317631698,0.00175087019081272,-5.30135722646203e-05,0.449578990297464,-2.59716246282335e-05,0.0463498562553902,0.00467637283272113,0.00181019616591724,0.421202594152649,19,28,3.5559790047201,0.000301128439203753,182.05,456.85,4,5,NA,NA,19.1542897224426,160.004675626755
3,4.8,63096,49,"x1;x2;x2 x3",FALSE,"x1;x2;x2 x3",FALSE,TRUE,NA,NA,NA,0.00790924373982553,0.00253866941281841,5.16567898392733e-06,0.677020744954006,-0.000149127524210837,0.0765730262290031,0.00856644646596073,0.00268452360918495,0.615881677722929,14,19,6.32492136982191,0.000221884113097502,26.58,486.46,3,4,NA,NA,12.6318593025208,90.103768825531
4,4.8,63096,49,"x1;x2;x2 x3",FALSE,"x1;x2;x2 x3",FALSE,TRUE,NA,NA,NA,0.00210745062273358,0.00132951446575895,-1.96500445590155e-05,0.326684924696796,0.000168587453015354,0.0391824059758945,0.00209805615774817,0.00134444240780684,0.316276234491192,4,6,1.31192895006794,6.33954608850006e-05,535.73,535.79,1,1,NA,NA,12.7039332389832,102.285776376724
5,4.8,63096,49,"x1;x2;x2 x3",FALSE,"x1;x2;x2 x3",FALSE,TRUE,NA,NA,NA,0.00473136218069856,0.00147174883304981,-1.16781797779577e-05,0.373402261750034,0.00034437033853936,0.0395376621747597,0.00454840789535836,0.00150011722332873,0.355905005423867,6,7,1.24520333108798,9.5093191327501e-05,375.11,539.32,2,2,NA,NA,12.8937885761261,91.369966506958
6,4.8,63096,49,"x1;x2;x2 x3",FALSE,"x1;x2;x2 x3",FALSE,TRUE,NA,NA,NA,0.00623646562741096,0.00203712599950262,0.000142719716341146,0.526046785399774,2.26409889094757e-05,0.0555397363725336,0.00644977139041466,0.00212688023164703,0.48769728436704,12,15,3.24140534453266,0.000190186382655002,85.95,149.73,2,2,NA,NA,19.0850179195404,132.741613388062
7,4.8,63096,49,"x1;x2;x2 x3",FALSE,"x1;x2;x2 x3",FALSE,TRUE,NA,NA,NA,0.00267854838170112,0.00174296900079717,2.53612338268679e-05,0.442097868840042,-0.000444246218948305,0.0469662511596624,0.00329990221681685,0.00180480594466582,0.413699644851412,18,22,4.00098933910412,0.000285279573982503,51.42,578.35,4,4,NA,NA,12.7525119781494,89.1364347934723
8,4.8,63096,49,"x1;x2;x2 x3",FALSE,"x1;x2;x2 x3",FALSE,TRUE,NA,NA,NA,0.00448706294149715,0.00169671116737197,2.90092021918378e-05,0.434733247518368,-0.000134588733955204,0.0454777395248765,0.00490046320090545,0.00174836304705064,0.408182636106369,12,16,2.2355806635983,0.000190186382655002,153.14,506.41,3,3,NA,NA,19.2638533115387,115.493847846985
9,4.8,63096,49,"x1;x2;x2 x3",FALSE,"x1;x2;x2 x3",FALSE,TRUE,NA,NA,NA,0.00459613532812553,0.00182778337442074,4.24440377253168e-05,0.472810812798736,2.27873479851952e-06,0.0490930457036847,0.00512019641667966,0.00189394602326643,0.440976330983301,20,22,3.16587053191702,0.000316977304425003,40.4,491.39,4,4,NA,NA,12.6361706256866,90.5957610607147
10,4.8,63096,49,"x1;x2;x2 x3",FALSE,"x1;x2;x2 x3",FALSE,TRUE,NA,NA,NA,0.00489537248249392,0.00186298823708836,-8.67146353827846e-05,0.484181434111863,1.70487263590998e-05,0.0477289020193698,0.00513565726255062,0.00192581434674088,0.450593341262023,18,21,2.1022787524283,0.000285279573982503,50.34,553.87,4,5,NA,NA,19.4504578113556,158.165715694427
11,4.8,63096,49,"x1;x2;x2 x3",FALSE,"x1;x2;x2 x3",FALSE,TRUE,NA,NA,NA,0.00368429981624327,0.00159158565619012,-2.53525094276155e-05,0.400705536161346,0.000258859108232372,0.0413247643716035,0.00365933419502129,0.00162300069592242,0.380800889897781,11,18,2.22101963947465,0.000174337517433752,195.81,626.74,3,4,NA,NA,12.7868859767914,89.9729435443878
12,4.8,63096,49,"x1;x2;x2 x3",TRUE,"x1;x2;x2 x3",TRUE,FALSE,0.00836420649674076,0.00430388273013666,0.0126080418161661,0.00851288046978499,0.00248530169517394,1.81884657929056e-05,0.660611065266176,-8.24986848867532e-05,0.0817556107091988,0.0089351036983532,0.00264588728438325,0.599734017861766,9,11,7.71437563073369,0.000142639786991251,356.21,356.38,1,1,TRUE,0.0034916269384135,13.3419342041016,87.8979623317719
13,4.8,63096,49,"x1;x2;x2 x3",FALSE,"x1;x2;x2 x3",FALSE,TRUE,NA,NA,NA,0.00459470723164595,0.0022845522048584,4.56957838783725e-05,0.58099999682192,0.000190866550049168,0.0667919725357583,0.00475260289094852,0.00240257094882555,0.534894947550987,14,16,6.90344989300298,0.000221884113097502,352.13,533.48,2,2,NA,NA,12.5679676532745,91.1632699966431
14,4.8,63096,49,"x1;x2;x2 x3",FALSE,"x1;x2;x2 x3",FALSE,TRUE,NA,NA,NA,0.00658017165803057,0.0021235199779114,9.51801674852632e-05,0.555745419823962,-0.000307613885776194,0.055264208044775,0.00693280997131446,0.00221450241925181,0.511581918414476,14,17,2.63600946374158,0.000221884113097502,40.45,198.72,3,4,NA,NA,12.6463663578033,91.1135532855988
15,4.8,63096,49,"x1;x2;x2 x3",FALSE,"x1;x2;x2 x3",FALSE,TRUE,NA,NA,NA,0.0023244425123901,0.00131933127149378,-4.4931393293384e-05,0.325709124799062,2.29327985102049e-05,0.039169674603448,0.00246621131537609,0.00133735242651463,0.314407875540595,6,8,1.90681216744103,9.5093191327501e-05,507.04,507.11,1,2,NA,NA,12.8572154045105,88.5420067310333
16,4.8,63096,49,"x1;x2;x2 x3",FALSE,"x1;x2;x2 x3",FALSE,TRUE,NA,NA,NA,0.00642564202881327,0.00242217957872173,5.10975969584278e-05,0.634832028894336,-0.000437521049869561,0.0756017583924072,0.00701366207254774,0.0025576865201792,0.581324793264863,9,13,7.10512825689032,0.000142639786991251,293.8,293.9,1,2,NA,NA,12.7660484313965,91.0234172344208
17,4.8,63096,49,"x1;x2;x2 x3",FALSE,"x1;x2;x2 x3",FALSE,TRUE,NA,NA,NA,0.00345425448803217,0.00146974304234263,3.56177001402602e-05,0.368548713918208,0.000507515805942325,0.0396524572159194,0.00323201490857655,0.00149746652841436,0.351541560276822,7,12,1.21865393346638,0.000110942056548751,172.35,394.23,2,3,NA,NA,12.7385904788971,90.025438785553
18,4.8,63096,49,"x1;x2;x2 x3",FALSE,"x1;x2;x2 x3",FALSE,TRUE,NA,NA,NA,0.00465591379891141,0.00168656361028705,2.81149436745925e-05,0.435225946160299,0.000232578951385322,0.0470658030748707,0.00449406538386406,0.00174064595612455,0.408690991730798,7,11,3.90266918600965,0.000110942056548751,191.15,191.22,1,2,NA,NA,12.5599398612976,90.007435798645
19,4.8,63096,49,"x1;x2;x2 x3",FALSE,"x1;x2;x2 x3",FALSE,TRUE,NA,NA,NA,0.00338062764261028,0.00156765923928929,3.13680411865451e-05,0.397102853115651,0.000342504992138528,0.043296113711682,0.00334136276044356,0.00161233172666169,0.375647546730924,6,10,3.72050896248854,9.5093191327501e-05,431.16,431.23,1,2,NA,NA,12.7060344219208,88.5660719871521
20,4.8,63096,49,"x1;x2;x2 x3",FALSE,"x1;x2;x2 x3",FALSE,TRUE,NA,NA,NA,0.00545275628030264,0.00196652270575532,-1.01468211773122e-05,0.511780850863984,7.2277929418288e-05,0.0512087859942,0.00543249077028105,0.00204490583623781,0.474240236311276,14,17,2.71890749950501,0.000221884113097502,4.36,609.35,3,3,NA,NA,19.1684670448303,148.67388510704
1,5,1e+05,49,"x1;x2;x2 x3",FALSE,"x1;x2;x2 x3",FALSE,TRUE,NA,NA,NA,0.00458349176349824,0.00137656637410318,4.42894354765576e-06,0.445917768049917,0.000369552257672444,0.0466142063013395,0.0042736192046189,0.00141900433410619,0.418473658851519,11,14,1.98935646969682,0.00011,141.79,892.37,3,4,NA,NA,19.908251285553,150.378526687622
2,5,1e+05,49,"x1;x2;x2 x3",FALSE,"x1;x2;x2 x3",FALSE,TRUE,NA,NA,NA,0.0034273027702616,0.00123928470007131,-1.38295426969742e-05,0.394239422443579,-6.06644795102382e-05,0.0429444191336241,0.00344298872785073,0.00127532684962416,0.372821551570311,14,20,3.52008705871785,0.00014,347.38,456.85,3,4,NA,NA,19.7094955444336,152.138757705688
3,5,1e+05,49,"x1;x2;x2 x3",TRUE,"x1;x2;x2 x3",TRUE,FALSE,0.00648619504873704,0.00363981836245877,0.00938395325111238,0.00653194551389313,0.00173237379624158,3.82698760956033e-05,0.574261286263466,4.95916897001529e-07,0.0656945228448183,0.00665101770852226,0.00182064614708303,0.528628029416928,14,19,6.18233214678266,0.00014,26.54,486.46,3,4,TRUE,0.00512919176236347,20.5415289402008,144.649598360062
4,5,1e+05,49,"x1;x2;x2 x3",FALSE,"x1;x2;x2 x3",FALSE,TRUE,NA,NA,NA,0.00196106241539809,0.00110623426142612,8.22155607008975e-06,0.34310107740085,9.57122143437479e-05,0.0407085168582881,0.00204325084506219,0.00112605550064325,0.329633352849558,12,16,1.98924347707958,0.00012,535.73,847.22,3,3,NA,NA,20.125926733017,145.738015651703
5,5,1e+05,49,"x1;x2;x2 x3",TRUE,"x1;x2;x2 x3",TRUE,FALSE,0.00402229072121725,0.00214845799448872,0.00594888087537024,0.00408054881326057,0.0011697013414808,-6.1132032227508e-07,0.373258543994557,-0.000121089481169436,0.0397842806364256,0.00441571093166685,0.00119280722684711,0.355531870770705,3,7,1.01896851751302,3e-05,375.11,375.16,1,2,TRUE,0.00375593421718086,30.885214805603,232.303278446198
6,5,1e+05,49,"x1;x2;x2 x3",TRUE,"x1;x2;x2 x3",TRUE,FALSE,0.00597666029488557,0.00356747819986442,0.00836608543990957,0.00596210371136085,0.00147408063991069,-3.52061637902076e-05,0.47887332463356,0.000176659891381332,0.0512530539169546,0.00567555057033773,0.00153503929925246,0.445597363381756,13,20,4.44033525838326,0.00013,85.95,149.73,2,3,TRUE,0.00317215304328669,30.5617740154266,247.674265623093
7,5,1e+05,49,"x1;x2;x2 x3",FALSE,"x1;x2;x2 x3",FALSE,TRUE,NA,NA,NA,0.00329005813584957,0.00144550491160551,6.52940474145107e-06,0.462332773323428,-0.000121464735538061,0.0474110882211027,0.00359594713453401,0.00149345722805618,0.433029799514402,19,27,2.51762334021558,0.00019,403.05,994.16,4,6,NA,NA,19.8699026107788,149.171074151993
8,5,1e+05,49,"x1;x2;x2 x3",FALSE,"x1;x2;x2 x3",FALSE,TRUE,NA,NA,NA,0.00304087881168787,0.00124302812971009,5.20877818726306e-06,0.394394820327604,-0.000202760648945328,0.0432499453807129,0.00350562958760204,0.00127492282948584,0.374091707342265,9,13,2.10904407155172,9e-05,153.14,506.36,3,3,NA,NA,19.6917705535889,148.907458782196
9,5,1e+05,49,"x1;x2;x2 x3",FALSE,"x1;x2;x2 x3",FALSE,TRUE,NA,NA,NA,0.00412558324664352,0.0013775697311165,3.28967804181114e-05,0.445045801039188,-0.000385735053452463,0.0466696579379332,0.00456340290286021,0.00142467938977684,0.416912755575642,10,20,1.72547178867677,1e-04,308.17,491.39,3,6,NA,NA,29.9443545341492,179.243180513382
10,5,1e+05,49,"x1;x2;x2 x3",FALSE,"x1;x2;x2 x3",FALSE,TRUE,NA,NA,NA,0.00441016939631563,0.00153107513602791,-9.08918627036657e-06,0.499973900903705,-0.000394893150274364,0.0503555211385131,0.00495262960853462,0.00159083371299467,0.463087593736725,17,24,2.21569494230475,0.00017,261.6,948.54,6,6,NA,NA,29.9832546710968,259.300340414047
11,5,1e+05,49,"x1;x2;x2 x3",FALSE,"x1;x2;x2 x3",FALSE,TRUE,NA,NA,NA,0.00504698584638963,0.00160979927519727,-2.05387031138045e-05,0.527234738235901,-0.000322687240267832,0.0578476062514276,0.00536281785168932,0.00168211839426063,0.487797585291465,11,11,4.38644620992698,0.00011,791.07,924.44,2,2,NA,NA,19.7892265319824,149.067009210587
12,5,1e+05,49,"x1;x2;x2 x3",TRUE,"x1;x2;x2 x3",TRUE,FALSE,0.00760225476423684,0.00451399531893524,0.0104761197074574,0.00761762542693027,0.00178939639892542,-6.15975127673564e-06,0.591632794176057,0.00035804296198662,0.0703120222515095,0.00759611255639624,0.00188534593090575,0.543473116840225,10,15,7.08001187053349,1e-04,356.21,774.01,2,2,TRUE,0.00404720168952606,30.4880096912384,234.010492563248
13,5,1e+05,49,"x1;x2;x2 x3",FALSE,"x1;x2;x2 x3",FALSE,TRUE,NA,NA,NA,0.00573886562191921,0.00182273285170509,-7.51915784807811e-06,0.593851875791405,3.1185751884684e-05,0.0659220451111274,0.00590451302699401,0.00191651672503672,0.544544856297271,22,25,6.19067007425651,0.00022,352.13,845.74,4,4,NA,NA,29.8258113861084,228.738721370697
14,5,1e+05,49,"x1;x2;x2 x3",TRUE,"x1;x2;x2 x3",TRUE,FALSE,0.00670965952048195,0.0035803920096043,0.00988072541950066,0.00675619176992739,0.00190478236042634,1.4959022331057e-05,0.630368977356579,-0.000228163036889361,0.0673397435442587,0.00730354033922734,0.00200415647439552,0.575569818953587,24,29,4.32038013893024,0.00024,40.45,969.53,5,5,TRUE,0.00275064784359354,20.3868312835693,144.298840045929
15,5,1e+05,49,"x1;x2;x2 x3",FALSE,"x1;x2;x2 x3",FALSE,TRUE,NA,NA,NA,0.00267996590750618,0.00113607063268994,-2.93251063651072e-05,0.358405970958062,-0.000155587245766375,0.0406632876853793,0.00299176370157598,0.00116224242443287,0.341697409384729,12,14,3.10287135833563,0.00012,507.04,762.18,2,2,NA,NA,19.9544320106506,146.751662731171
16,5,1e+05,49,"x1;x2;x2 x3",TRUE,"x1;x2;x2 x3",TRUE,FALSE,0.00661356645677668,0.003439419449088,0.00960521800165236,0.00655673051452806,0.00184484795881059,-1.83993914796273e-05,0.611105856856952,0.000137796372340501,0.070746907164289,0.00656957530140433,0.00194852982381437,0.558841744116677,18,22,6.51875157152487,0.00018,293.8,970.61,3,3,TRUE,0.00580722302609493,19.9785404205322,146.776036024094
17,5,1e+05,49,"x1;x2;x2 x3",FALSE,"x1;x2;x2 x3",FALSE,TRUE,NA,NA,NA,0.00357982808416498,0.00125047355732705,-1.25713598538071e-05,0.397781660548979,0.000291470670803958,0.0431313448356617,0.00340806139792642,0.00128894580873267,0.375402627276498,10,11,2.23987257614076,1e-04,719.55,743.25,2,3,NA,NA,20.0222544670105,193.960041284561
18,5,1e+05,49,"x1;x2;x2 x3",FALSE,"x1;x2;x2 x3",FALSE,TRUE,NA,NA,NA,0.00460715854394024,0.0013764777088982,2.5648903367443e-05,0.445890355604736,-0.000119495716854018,0.0468011946382253,0.00479631834321615,0.00142214321846362,0.4175787607477,22,31,4.68099033114536,0.00022,191.15,924.76,4,7,NA,NA,19.9587187767029,150.220557451248
19,5,1e+05,49,"x1;x2;x2 x3",FALSE,"x1;x2;x2 x3",FALSE,TRUE,NA,NA,NA,0.00394535649204571,0.00126052270464052,1.20904953784771e-05,0.405729046732436,4.00742013385845e-06,0.0444310834023666,0.00413327190438056,0.00129895469634427,0.382309039000381,9,10,2.01256670236246,9e-05,431.16,746.2,2,2,NA,NA,20.1667041778564,142.635150194168
20,5,1e+05,49,"x1;x2;x2 x3",FALSE,"x1;x2;x2 x3",FALSE,TRUE,NA,NA,NA,0.00376268600172368,0.00139470190194511,2.36370850584159e-05,0.448856396062478,-0.000103263813316689,0.047436601170421,0.00393236612180489,0.00144374977489212,0.420280184580045,13,17,2.23931480761978,0.00013,4.35,609.34,3,4,NA,NA,19.9752414226532,141.388316631317
