"trial","sweep","log10n","n","snr","trimmed_p","trimmed_max_degree","selected","selected_intercept","screen_exact_truth","truth_in_selected","seconds"
0,"n",5,1e+05,49,55,5,"x3;x1^2;x2^2;x1 x3;x3^2;x1^2 x3;x2^2 x3;x3^3;x1^4;x1^2 x2^2;x2^4;x1^3 x3;x1 x2^2 x3;x3^4",TRUE,FALSE,TRUE,76.1564648151398
1,"n",5,1e+05,49,55,5,"x1;x2;x3;x1^2;x1 x2;x2^2;x1 x3;x2 x3;x3^2;x1^3;x1^2 x2;x2^3;x1 x2 x3;x2^2 x3;x1 x3^2;x3^3;x1^4;x1^3 x2;x1^2 x2^2;x1 x2^3;x2^4;x1^2 x2 x3;x1 x2^2 x3;x2^3 x3;x1^2 x3^2;x1 x2 x3^2;x2^2 x3^2;x1 x3^3;x2 x3^3;x3^4;x1^4 x2;x1^3 x2^2;x1^2 x2^3;x1 x2^4;x2^5;x1^4 x3;x1^3 x2 x3;x1^2 x2^2 x3;x1 x2^3 x3;x1^2 x2 x3^2;x2^3 x3^2;x1 x3^4;x3^5",TRUE,FALSE,FALSE,75.8630867004395
2,"n",5,1e+05,49,55,5,"x2;x3;x1^2;x2^2;x1 x3;x3^2;x1^3;x1^2 x2;x1 x2^2;x2^3;x1^2 x3;x1 x2 x3;x2^2 x3;x2 x3^2;x3^3;x1^4;x1^2 x2^2;x2^4;x1^3 x3;x1 x3^3;x3^4;x2^5;x1^3 x2 x3;x1^2 x2^2 x3;x1 x2^3 x3",TRUE,FALSE,TRUE,76.42982172966
3,"n",5,1e+05,49,55,5,"x1;x2;x3;x1^2;x2^2;x2 x3;x1^2 x2;x2^3;x1^2 x3;x2^2 x3;x1 x3^2;x2 x3^2;x3^3;x1^4;x1^2 x2^2;x2^4;x1^3 x3;x1^2 x2 x3;x1 x2^2 x3;x1^2 x3^2;x2^2 x3^2;x1 x3^3;x1^5;x1^3 x2^2;x1^2 x2^3;x1 x2^4;x1^4 x3;x1^2 x2^2 x3;x2^4 x3;x1^3 x3^2;x2^3 x3^2;x1^2 x3^3;x2^2 x3^3",TRUE,FALSE,TRUE,78.7392995357513
4,"n",5,1e+05,49,55,5,"x3;x1^2;x2^2;x1 x3;x1^2 x3;x2^2 x3;x3^3;x1^2 x2^2;x2^4;x1^3 x3;x2^2 x3^2;x3^4",TRUE,FALSE,TRUE,75.3283317089081
5,"n",5,1e+05,49,55,5,"x1;x2;x3;x1^2;x2^2;x3^2;x1 x2^2;x2^3;x1 x2 x3;x2^2 x3;x1 x3^2;x3^3;x1^4;x1^2 x2^2;x2^4;x1^3 x3;x1^2 x2 x3;x1^2 x3^2;x2^2 x3^2;x1 x3^3;x3^4;x1^4 x3;x1^2 x2^2 x3;x1 x2^3 x3",TRUE,FALSE,FALSE,71.6227424144745
6,"n",5,1e+05,49,55,5,"x1;x3;x1^2;x2^2;x1 x3;x3^2;x1 x2^2;x1^2 x3;x2^2 x3;x3^3;x1^4;x1^2 x2^2;x2^4;x1^3 x3;x3^4;x1^2 x2^2 x3",TRUE,FALSE,TRUE,69.9901752471924
7,"n",5,1e+05,49,55,5,"x1;x2;x3;x1^2;x2^2;x1 x3;x3^2;x1^3;x1^2 x2;x2^3;x1^2 x3;x2 x3^2;x3^3;x1^4;x1^2 x2^2;x2^4;x1^3 x3;x1 x2^2 x3;x1^2 x3^2;x1 x2 x3^2;x2^2 x3^2;x1 x3^3;x2 x3^3;x3^4;x1^4 x3;x1^3 x2 x3;x1^2 x2^2 x3;x1 x2^3 x3;x2^4 x3;x1^3 x3^2;x2^2 x3^3",TRUE,FALSE,FALSE,71.9512591362
8,"n",5,1e+05,49,55,5,"x1;x2;x3;x1^2;x1 x2;x2^2;x3^2;x1^2 x3;x2^2 x3;x1 x3^2;x2 x3^2;x3^3;x1^4;x1^2 x2^2;x1 x2^3;x2^4;x1^3 x3;x1^2 x3^2;x2^2 x3^2;x3^4;x1^2 x2^2 x3;x2^4 x3;x1^2 x2 x3^2",TRUE,FALSE,TRUE,67.8077881336212
9,"n",5,1e+05,49,55,5,"x2;x3;x1^2;x1 x2;x2^2;x1 x3;x2 x3;x3^2;x1^3;x1 x2^2;x2^2 x3;x2 x3^2;x3^3;x1^4;x1^2 x2^2;x2^4;x1^3 x3;x1^2 x2 x3;x1 x2^2 x3;x2^3 x3;x1^2 x3^2;x1 x2 x3^2;x2^2 x3^2;x1 x3^3;x2 x3^3;x3^4;x1^2 x2^3;x1^4 x3;x1^2 x2^2 x3;x1 x2^3 x3;x2^4 x3;x1^3 x3^2;x1 x2^2 x3^2;x1 x3^4",TRUE,FALSE,FALSE,65.047669172287
0,"n",4.8,63096,49,55,5,"x3;x1^2;x2^2;x1 x3;x3^2;x1^2 x3;x2^2 x3;x3^3;x1^4;x1^2 x2^2;x1^3 x3;x1 x2^2 x3;x3^4",TRUE,FALSE,TRUE,37.697774887085
1,"n",4.8,63096,49,55,5,"x1;x2;x3;x1^2;x1 x2;x2^2;x1 x3;x2 x3;x3^2;x1^3;x1^2 x2;x2^3;x1 x2 x3;x2^2 x3;x1 x3^2;x3^3;x1^4;x1^3 x2;x1^2 x2^2;x1 x2^3;x2^4;x1^2 x2 x3;x1 x2^2 x3;x2^3 x3;x1^2 x3^2;x1 x2 x3^2;x2^2 x3^2;x1 x3^3;x2 x3^3;x3^4;x1^3 x2^2;x1^2 x2^3;x1 x2^4;x2^5;x1^4 x3;x1^3 x2 x3;x1^2 x2^2 x3;x1 x2^3 x3;x1^2 x2 x3^2;x2^3 x3^2;x1 x3^4;x3^5",TRUE,FALSE,FALSE,42.9075767993927
2,"n",4.8,63096,49,55,5,"x2;x3;x1^2;x2^2;x1 x3;x3^2;x1 x2^2;x2^3;x1^2 x3;x1 x2 x3;x2^2 x3;x3^3;x1^4;x1^2 x2^2;x2^4;x1^3 x3;x3^4;x1^3 x2 x3;x1 x2^3 x3",TRUE,FALSE,TRUE,39.8705613613129
3,"n",4.8,63096,49,55,5,"x1;x2;x3;x1^2;x2^2;x2 x3;x1^2 x2;x1^2 x3;x2^2 x3;x1 x3^2;x2 x3^2;x3^3;x1^4;x1^2 x2^2;x2^4;x1^3 x3;x1 x2^2 x3;x2^3 x3;x1^2 x3^2;x2^2 x3^2;x1 x3^3;x1^3 x2^2;x1^2 x2^3;x1^4 x3;x1^2 x2^2 x3;x2^4 x3;x1^3 x3^2;x1^2 x2 x3^2;x2^3 x3^2;x1^2 x3^3",TRUE,FALSE,TRUE,36.2149896621704
4,"n",4.8,63096,49,55,5,"x3;x1^2;x2^2;x1 x3;x1^2 x3;x2^2 x3;x3^3;x1^2 x2^2;x2^4;x1^3 x3;x2^2 x3^2;x3^4",TRUE,FALSE,TRUE,36.9228775501251
5,"n",4.8,63096,49,55,5,"x2;x3;x1^2;x2^2;x3^2;x1^3;x1^2 x2;x1 x2^2;x2^2 x3;x1 x3^2;x3^3;x1^4;x1^2 x2^2;x2^4;x1^3 x3;x1^2 x3^2;x2^2 x3^2;x3^4;x1^4 x3;x1^2 x2^2 x3;x2^4 x3;x1^2 x2 x3^2;x1 x2^2 x3^2",TRUE,FALSE,FALSE,37.0889973640442
6,"n",4.8,63096,49,55,5,"x3;x1^2;x2^2;x1 x3;x3^2;x1^2 x3;x2^2 x3;x3^3;x1^4;x1^2 x2^2;x2^4;x1^3 x3;x3^4",TRUE,FALSE,TRUE,37.7175447940826
7,"n",4.8,63096,49,55,5,"x1;x3;x1^2;x2^2;x1 x3;x3^2;x1^3;x1^2 x2;x1^2 x3;x2 x3^2;x3^3;x1^4;x1^2 x2^2;x2^4;x1^3 x3;x1 x2^2 x3;x1^2 x3^2;x1 x2 x3^2;x2^2 x3^2;x1 x3^3;x3^4;x1^4 x3;x1^3 x2 x3;x1^2 x2^2 x3;x1 x2^3 x3;x2^4 x3;x2^2 x3^3",TRUE,FALSE,FALSE,36.6802861690521
8,"n",4.8,63096,49,55,5,"x1;x3;x1^2;x2^2;x3^2;x1^2 x3;x1 x3^2;x2 x3^2;x3^3;x1^4;x1^2 x2^2;x1 x2^3;x2^4;x1^3 x3;x1^2 x3^2;x2^2 x3^2;x3^4;x1^2 x2^2 x3;x2^4 x3",TRUE,FALSE,FALSE,37.6125912666321
9,"n",4.8,63096,49,55,5,"x3;x1^2;x1 x2;x2^2;x1 x3;x2 x3;x3^2;x1^3;x2^2 x3;x2 x3^2;x3^3;x1^4;x1^2 x2^2;x2^4;x1^3 x3;x1^2 x2 x3;x1 x2^2 x3;x2^3 x3;x1^2 x3^2;x1 x2 x3^2;x2^2 x3^2;x1 x3^3;x2 x3^3;x3^4;x1^4 x2;x1^2 x2^3;x1 x2^4;x1^4 x3;x1^2 x2^2 x3;x1 x2^3 x3;x2^4 x3;x1 x2^2 x3^2;x1^2 x3^3;x2^2 x3^3;x1 x3^4;x3^5",TRUE,FALSE,FALSE,38.7730889320374
0,"n",4.6,39811,49,55,5,"x3;x1^2;x2^2;x1 x3;x3^2;x1^2 x3;x2^2 x3;x3^3;x1^2 x2^2;x1^3 x3;x1 x2^2 x3;x3^4",TRUE,FALSE,TRUE,24.0588068962097
1,"n",4.6,39811,49,55,5,"x1;x2;x3;x1^2;x1 x2;x2^2;x1 x3;x2 x3;x3^2;x1^3;x1 x2^2;x2^3;x1 x2 x3;x2^2 x3;x1 x3^2;x2 x3^2;x3^3;x1^4;x1^3 x2;x1^2 x2^2;x1 x2^3;x2^4;x1^2 x2 x3;x1 x2^2 x3;x2^3 x3;x1^2 x3^2;x1 x2 x3^2;x2^2 x3^2;x1 x3^3;x2 x3^3;x3^4;x1^4 x2;x1^3 x2^2;x1^2 x2^3;x2^5;x1^4 x3;x1^3 x2 x3;x1^2 x2^2 x3;x1 x2^3 x3;x1^2 x2 x3^2;x2^3 x3^2;x1 x3^4;x3^5",TRUE,FALSE,FALSE,24.8929212093353
2,"n",4.6,39811,49,55,5,"x3;x1^2;x2^2;x1 x3;x3^2;x1^3;x1 x2^2;x2^3;x1^2 x3;x1 x2 x3;x2^2 x3;x3^3;x1^4;x1^2 x2^2;x1^3 x3;x3^4;x1 x2^3 x3",TRUE,FALSE,TRUE,22.8018419742584
3,"n",4.6,39811,49,55,5,"x1;x2;x3;x1^2;x2^2;x2 x3;x1^2 x2;x2^3;x1^2 x3;x2^2 x3;x3^3;x1^4;x1^2 x2^2;x2^4;x1^3 x3;x1^2 x3^2;x2^2 x3^2;x1 x3^3;x1^4 x2;x1^3 x2^2;x1^2 x2^3;x1^4 x3;x1^2 x2^2 x3;x2^4 x3;x1^3 x3^2;x2^3 x3^2;x1^2 x3^3",TRUE,FALSE,TRUE,22.6998324394226
4,"n",4.6,39811,49,55,5,"x3;x1^2;x2^2;x1 x3;x1^2 x3;x2^2 x3;x3^3;x1^2 x2^2;x2^4;x1^3 x3;x2^2 x3^2;x3^4",TRUE,FALSE,TRUE,23.4914612770081
5,"n",4.6,39811,49,55,5,"x2;x3;x1^2;x2^2;x2 x3;x3^2;x1^3;x1 x2^2;x1 x2 x3;x2^2 x3;x1 x3^2;x3^3;x1^4;x1^2 x2^2;x2^4;x1^3 x3;x1^2 x2 x3;x1^2 x3^2;x2^2 x3^2;x1 x3^3;x3^4;x1^2 x2^3;x1^4 x3;x1^2 x2^2 x3",TRUE,FALSE,FALSE,23.2421424388885
6,"n",4.6,39811,49,55,5,"x3;x1^2;x2^2;x1 x3;x3^2;x1^2 x3;x2^2 x3;x3^3;x1^2 x2^2;x2^4;x1^3 x3;x3^4",TRUE,FALSE,TRUE,23.792581319809
7,"n",4.6,39811,49,55,5,"x1;x3;x1^2;x2^2;x1 x3;x3^2;x1^3;x1^2 x2;x1^2 x3;x2 x3^2;x3^3;x1^4;x1^2 x2^2;x2^4;x1^3 x3;x1 x2^2 x3;x1^2 x3^2;x2^2 x3^2;x2 x3^3;x3^4;x1^2 x2^3;x1^4 x3;x1^2 x2^2 x3;x1 x2^3 x3;x2^4 x3;x2^2 x3^3",TRUE,FALSE,FALSE,24.0932712554932
8,"n",4.6,39811,49,55,5,"x1;x3;x1^2;x1 x2;x2^2;x3^2;x1^2 x3;x1 x3^2;x2 x3^2;x3^3;x1^4;x1^2 x2^2;x2^4;x1^3 x3;x1^2 x3^2;x2^2 x3^2;x3^4;x1^2 x2^2 x3;x2^4 x3",TRUE,FALSE,FALSE,23.3083531856537
9,"n",4.6,39811,49,55,5,"x1;x2;x3;x1^2;x1 x2;x2^2;x1 x3;x2 x3;x3^2;x1^3;x2^2 x3;x2 x3^2;x3^3;x1^4;x1^3 x2;x1^2 x2^2;x2^4;x1^3 x3;x1^2 x2 x3;x1 x2^2 x3;x2^3 x3;x1^2 x3^2;x1 x2 x3^2;x2^2 x3^2;x1 x3^3;x2 x3^3;x3^4;x1^4 x2;x1^2 x2^3;x2^5;x1^4 x3;x1^2 x2^2 x3;x2^4 x3;x1^3 x3^2;x1^2 x3^3;x2^2 x3^3;x1 x3^4;x3^5",TRUE,FALSE,FALSE,23.2792842388153
0,"n",4.4,25119,49,55,5,"x3;x1^2;x2^2;x1 x3;x3^2;x1^2 x3;x2^2 x3;x3^3;x1^3 x3;x3^4",TRUE,FALSE,TRUE,13.7089409828186
1,"n",4.4,25119,49,55,5,"x1;x2;x3;x1^2;x1 x2;x2^2;x1 x3;x2 x3;x3^2;x1^3;x1^2 x2;x2^3;x2^2 x3;x1 x3^2;x2 x3^2;x3^3;x1^4;x1^3 x2;x1^2 x2^2;x2^4;x1^2 x2 x3;x1 x2^2 x3;x2^3 x3;x1^2 x3^2;x1 x2 x3^2;x2^2 x3^2;x1 x3^3;x2 x3^3;x3^4;x1^3 x2^2;x1^2 x2^3;x2^5;x1^4 x3;x1^3 x2 x3;x1^2 x2^2 x3;x1 x2^3 x3;x1^2 x2 x3^2;x2^3 x3^2;x1^2 x3^3;x1 x2 x3^3;x1 x3^4",TRUE,FALSE,FALSE,14.2086412906647
2,"n",4.4,25119,49,55,5,"x3;x1^2;x2^2;x1 x3;x3^2;x1 x2^2;x1^2 x3;x1 x2 x3;x2^2 x3;x3^3;x1^4;x1^2 x2^2;x1^3 x3;x1 x2^2 x3;x1 x3^3;x3^4;x1^3 x2 x3;x1^2 x2^2 x3",TRUE,FALSE,TRUE,14.5323691368103
3,"n",4.4,25119,49,55,5,"x1;x3;x1^2;x2^2;x1^2 x3;x2^2 x3;x3^3;x1^4;x1^2 x2^2;x1^3 x3;x1^2 x3^2;x2^2 x3^2;x1^4 x3;x1^2 x2^2 x3;x2^4 x3;x1^2 x3^3",TRUE,FALSE,TRUE,14.1203873157501
4,"n",4.4,25119,49,55,5,"x3;x1^2;x2^2;x1 x3;x1^2 x3;x2^2 x3;x3^3;x1^2 x2^2;x2^4;x1^3 x3;x2^2 x3^2;x3^4",TRUE,FALSE,TRUE,14.3586483001709
5,"n",4.4,25119,49,55,5,"x3;x1^2;x2^2;x2 x3;x3^2;x1^3;x1^2 x2;x1 x2^2;x2^2 x3;x1 x3^2;x3^3;x1^4;x1^2 x2^2;x2^4;x1^3 x3;x1^2 x3^2;x2^2 x3^2;x3^4;x1^4 x3;x1^2 x2^2 x3;x2^4 x3;x1 x2^2 x3^2",TRUE,FALSE,FALSE,14.6083846092224
6,"n",4.4,25119,49,55,5,"x3;x1^2;x2^2;x1 x3;x3^2;x1^2 x3;x2^2 x3;x3^3;x1^2 x2^2;x2^4;x1^3 x3;x3^4;x1^2 x2^2 x3",TRUE,FALSE,TRUE,15.3906166553497
7,"n",4.4,25119,49,55,5,"x1;x2;x3;x1^2;x2^2;x1 x3;x3^2;x1^3;x1^2 x2;x1^2 x3;x2^2 x3;x2 x3^2;x3^3;x1^4;x1^2 x2^2;x2^4;x1^3 x3;x1 x2^2 x3;x1^2 x3^2;x1 x2 x3^2;x2^2 x3^2;x1 x3^3;x2 x3^3;x3^4;x1^2 x2^3;x1^4 x3;x1^2 x2^2 x3;x1 x2^3 x3;x2^4 x3;x1^3 x3^2;x2^2 x3^3",TRUE,FALSE,TRUE,14.6495246887207
8,"n",4.4,25119,49,55,5,"x3;x1^2;x2^2;x1^2 x3;x3^3;x1^4;x1^2 x2^2;x2^4;x1^3 x3;x1^2 x3^2;x2^2 x3^2;x3^4;x1^2 x2^2 x3;x2^4 x3",TRUE,FALSE,FALSE,13.8968307971954
9,"n",4.4,25119,49,55,5,"x1;x2;x3;x1^2;x1 x2;x2^2;x1 x3;x2 x3;x3^2;x2^2 x3;x2 x3^2;x3^3;x1^4;x1^2 x2^2;x2^4;x1^3 x3;x1^2 x2 x3;x1 x2^2 x3;x2^3 x3;x1^2 x3^2;x1 x2 x3^2;x2^2 x3^2;x1 x3^3;x2 x3^3;x3^4;x1^4 x2;x1^2 x2^3;x1^4 x3;x1^2 x2^2 x3;x1^3 x3^2;x1^2 x3^3;x2^2 x3^3;x1 x3^4;x3^5",TRUE,FALSE,FALSE,14.5780699253082
0,"n",4.2,15849,49,55,5,"x3;x1^2;x2^2;x1 x3;x3^2;x1^2 x3;x2^2 x3;x3^3;x1^3 x3;x3^4",TRUE,FALSE,TRUE,8.95292472839355
1,"n",4.2,15849,49,55,5,"x2;x3;x1^2;x1 x2;x2^2;x1 x3;x2 x3;x3^2;x1^3;x1 x2^2;x2^3;x2^2 x3;x1 x3^2;x2 x3^2;x3^3;x1^4;x1^2 x2^2;x2^4;x1^2 x2 x3;x1 x2^2 x3;x2^3 x3;x1^2 x3^2;x1 x2 x3^2;x2^2 x3^2;x1 x3^3;x2 x3^3;x3^4;x1^5;x1^3 x2^2;x1^4 x3;x1^3 x2 x3;x1^2 x2^2 x3;x1 x2^3 x3;x1^2 x2 x3^2;x2^3 x3^2;x1^2 x3^3",TRUE,FALSE,FALSE,9.15065479278564
2,"n",4.2,15849,49,55,5,"x3;x1^2;x2^2;x1 x3;x3^2;x1^3;x1^2 x2;x1 x2^2;x1^2 x3;x1 x2 x3;x2^2 x3;x3^3;x1^4;x1^3 x3;x1^2 x3^2;x3^4;x1^3 x2 x3;x1^2 x2^2 x3;x1 x2^3 x3",TRUE,FALSE,TRUE,9.81144905090332
3,"n",4.2,15849,49,55,5,"x1;x2;x3;x1^2;x2^2;x1^2 x3;x2^2 x3;x3^3;x1^4;x1^2 x2^2;x2^4;x1^3 x3;x1^2 x3^2;x2^2 x3^2;x1^4 x3;x1^2 x2^2 x3;x2^4 x3;x1^2 x3^3",TRUE,FALSE,TRUE,8.84307217597961
4,"n",4.2,15849,49,55,5,"x3;x1^2;x2^2;x1 x3;x1^2 x3;x2^2 x3;x3^3;x1^2 x2^2;x2^4;x1^3 x3;x2^2 x3^2;x3^4;x2^4 x3",TRUE,FALSE,TRUE,9.13134431838989
5,"n",4.2,15849,49,55,5,"x3;x1^2;x2^2;x2^2 x3;x3^3;x1^4;x1^2 x2^2;x2^4;x1^3 x3;x1^2 x2 x3;x1^2 x3^2;x2^2 x3^2;x3^4;x1^4 x3;x1^2 x2^2 x3",TRUE,FALSE,FALSE,8.92435455322266
6,"n",4.2,15849,49,55,5,"x3;x1^2;x2^2;x3^2;x1^2 x3;x2^2 x3;x3^3;x1^2 x2^2;x1^3 x3;x3^4;x1^2 x2^2 x3",TRUE,FALSE,TRUE,8.8933961391449
7,"n",4.2,15849,49,55,5,"x3;x1^2;x2^2;x1 x3;x3^2;x1^3;x1^2 x2;x1 x2^2;x1^2 x3;x2^2 x3;x2 x3^2;x3^3;x1^2 x2^2;x2^4;x1^3 x3;x1 x2^2 x3;x1^2 x3^2;x1 x2 x3^2;x2^2 x3^2;x1 x3^3;x2 x3^3;x3^4;x1^4 x3;x1^2 x2^2 x3;x2^4 x3;x1^3 x3^2;x2^2 x3^3",TRUE,FALSE,TRUE,9.20522689819336
8,"n",4.2,15849,49,55,5,"x1;x2;x3;x1^2;x2^2;x2 x3;x3^2;x1^3;x1^2 x3;x2^2 x3;x1 x3^2;x3^3;x1^4;x1^2 x2^2;x1 x2^3;x2^4;x1^3 x3;x1^2 x3^2;x1 x2 x3^2;x2^2 x3^2;x3^4;x1^4 x3;x1^2 x2^2 x3;x1 x2^3 x3;x2^4 x3",TRUE,FALSE,TRUE,9.34911561012268
9,"n",4.2,15849,49,55,5,"x1;x2;x3;x1^2;x1 x2;x2^2;x1 x3;x2 x3;x3^2;x2^2 x3;x2 x3^2;x3^3;x1^2 x2^2;x2^4;x1^3 x3;x1^2 x2 x3;x1 x2^2 x3;x2^3 x3;x1^2 x3^2;x2^2 x3^2;x1 x3^3;x2 x3^3;x3^4;x1^4 x2;x1^2 x2^3;x1 x2^4;x1^4 x3;x1^2 x2^2 x3;x2^4 x3;x1^3 x3^2;x1^2 x3^3;x2^2 x3^3;x1 x3^4;x3^5",TRUE,FALSE,FALSE,9.03564143180847
0,"n",4,10000,49,55,5,"x3;x1^2;x2^2;x3^2;x1^2 x3;x2^2 x3;x3^3;x1^3 x3;x3^4",TRUE,FALSE,TRUE,5.94783902168274
1,"n",4,10000,49,55,5,"x1;x2;x3;x1^2;x1 x2;x2^2;x1 x3;x2 x3;x3^2;x1^2 x2;x2^2 x3;x1 x3^2;x2 x3^2;x3^3;x1^4;x1^2 x2^2;x2^4;x1 x2^2 x3;x2^3 x3;x1^2 x3^2;x1 x2 x3^2;x2^2 x3^2;x1 x3^3;x2 x3^3;x3^4;x1^5;x1^3 x2^2;x1^2 x2^3;x1 x2^4;x2^5;x1^4 x3;x1^3 x2 x3;x1^2 x2^2 x3;x1 x2^3 x3;x1^2 x2 x3^2;x2^3 x3^2;x1^2 x3^3;x2^2 x3^3",TRUE,FALSE,FALSE,5.90563464164734
2,"n",4,10000,49,55,5,"x1;x2;x3;x1^2;x1 x2;x2^2;x1 x3;x2 x3;x3^2;x1^3;x1^2 x2;x1 x2^2;x2^3;x1^2 x3;x1 x2 x3;x2^2 x3;x1 x3^2;x2 x3^2;x3^3;x1^4;x1^2 x2^2;x2^4;x1^2 x2 x3;x1^2 x3^2;x1 x2 x3^2;x2^2 x3^2;x2 x3^3;x3^4;x1^5;x1^4 x2;x1^3 x2^2;x1^2 x2^3;x1 x2^4;x1^3 x2 x3;x1 x2^3 x3;x2^4 x3;x1^2 x2 x3^2;x2^3 x3^2;x2^2 x3^3;x1 x3^4",TRUE,FALSE,FALSE,6.31503081321716
3,"n",4,10000,49,55,5,"x3;x1^2;x2^2;x1^2 x3;x2^2 x3;x3^3;x1^4;x1^2 x2^2;x1^3 x3;x1^2 x2 x3;x1^2 x3^2;x2^2 x3^2;x1^4 x3;x1^2 x2^2 x3;x1^2 x2 x3^2",TRUE,FALSE,TRUE,5.75210094451904
4,"n",4,10000,49,55,5,"x3;x1^2;x2^2;x1^2 x3;x2^2 x3;x3^3;x1^2 x2^2;x2^4;x1^3 x3;x2^3 x3;x2^2 x3^2;x3^4;x1^2 x2^2 x3;x2^4 x3",TRUE,FALSE,TRUE,5.66446542739868
5,"n",4,10000,49,55,5,"x3;x1^2;x2^2;x3^2;x2^2 x3;x3^3;x1^4;x1^2 x2^2;x2^4;x1^3 x3;x1^2 x3^2;x2^2 x3^2;x3^4;x1^4 x3;x1^2 x2^2 x3;x2^4 x3",TRUE,FALSE,FALSE,5.64659214019775
6,"n",4,10000,49,34,4,"x3;x1^2;x2^2;x1 x3;x3^2;x1^2 x3;x2^2 x3;x3^3;x1^3 x3;x3^4",TRUE,FALSE,TRUE,5.12867975234985
7,"n",4,10000,49,55,5,"x3;x1^2;x2^2;x3^2;x1^2 x3;x2^2 x3;x3^3;x1^3 x3;x1^2 x3^2;x2^2 x3^2;x3^4",TRUE,FALSE,TRUE,5.74106025695801
8,"n",4,10000,49,55,5,"x1;x2;x3;x1^2;x1 x2;x2^2;x2 x3;x3^2;x1^2 x3;x2^2 x3;x1 x3^2;x3^3;x1^4;x1^2 x2^2;x2^4;x1^3 x3;x1^2 x2 x3;x1^2 x3^2;x1 x2 x3^2;x2^2 x3^2;x3^4;x1^4 x3;x1^2 x2^2 x3;x2^4 x3",TRUE,FALSE,TRUE,5.89268040657043
9,"n",4,10000,49,34,4,"x3;x1^2;x2^2;x1^2 x3;x2^2 x3;x3^3;x1^4;x1^3 x3;x1^2 x3^2",TRUE,FALSE,TRUE,4.99774026870728
0,"n",3.8,6310,49,55,5,"x3;x1^2;x2^2;x3^2;x1^2 x3;x2^2 x3;x3^3;x1^3 x3;x3^4",TRUE,FALSE,TRUE,3.93455266952515
1,"n",3.8,6310,49,34,4,"x3;x1^2;x2^2;x1^2 x3;x2^2 x3;x3^3;x1^3 x3;x2^2 x3^2",TRUE,FALSE,TRUE,3.17020773887634
2,"n",3.8,6310,49,55,5,"x1;x3;x1^2;x1 x2;x2^2;x1 x3;x2 x3;x3^2;x1^3;x1^2 x2;x1 x2^2;x1^2 x3;x1 x2 x3;x2^2 x3;x1 x3^2;x2 x3^2;x3^3;x1^2 x2^2;x2^4;x1^2 x2 x3;x1 x2^2 x3;x1^2 x3^2;x1 x2 x3^2;x3^4;x1^5;x1^4 x2;x1^3 x2^2;x1^2 x2^3;x2^5;x1^4 x3;x1^3 x2 x3;x1^2 x2^2 x3;x1 x2^3 x3;x2^4 x3;x1^2 x2 x3^2;x2^3 x3^2;x1^2 x3^3;x2^2 x3^3;x1 x3^4",TRUE,FALSE,FALSE,3.84548497200012
3,"n",3.8,6310,49,55,5,"x3;x1^2;x2^2;x1^2 x3;x2^2 x3;x3^3;x1^4;x1^3 x3;x1^2 x3^2;x2^2 x3^2;x1^2 x2^2 x3",TRUE,FALSE,TRUE,3.65990257263184
4,"n",3.8,6310,49,55,5,"x3;x1^2;x2^2;x1 x3;x3^2;x1^2 x3;x2^2 x3;x3^3;x1^2 x2^2;x2^4;x1^3 x3;x2^2 x3^2;x3^4;x2^4 x3",TRUE,FALSE,TRUE,3.73604726791382
5,"n",3.8,6310,49,55,5,"x3;x1^2;x2^2;x2 x3;x3^2;x2^2 x3;x3^3;x1^4;x1^2 x2^2;x2^4;x1^3 x3;x1^2 x3^2;x2^2 x3^2;x3^4;x1^4 x3;x1^2 x2^2 x3;x2^4 x3;x1^2 x2 x3^2",TRUE,FALSE,FALSE,3.72859382629395
6,"n",3.8,6310,49,34,4,"x3;x1^2;x2^2;x3^2;x1^2 x3;x2^2 x3;x3^3;x1^3 x3;x3^4",TRUE,FALSE,TRUE,3.39847898483276
7,"n",3.8,6310,49,55,5,"x3;x1^2;x2^2;x3^2;x1^2 x3;x2^2 x3;x3^3;x1^3 x3;x1^2 x3^2;x2^2 x3^2;x3^4;x1^4 x3;x1^2 x2^2 x3;x2^4 x3",TRUE,FALSE,TRUE,3.6951425075531
8,"n",3.8,6310,49,34,4,"x3;x1^2;x2^2;x1^2 x3;x2^2 x3;x3^3;x1^3 x3",TRUE,TRUE,TRUE,3.34636855125427
9,"n",3.8,6310,49,34,4,"x3;x1^2;x2^2;x1^2 x3;x2^2 x3;x3^3;x1^3 x3",TRUE,TRUE,TRUE,3.16198396682739
0,"snr",3.69897000433602,5000,1,9,2,"x1^2;x2^2",TRUE,FALSE,FALSE,2.21460437774658
0,"snr",3.69897000433602,5000,5,55,5,"x3;x1^2;x2^2;x1^3;x1^2 x3;x2^2 x3;x1^3 x2;x1 x2^3;x2^3 x3;x1^3 x2^2;x2^5;x1^4 x3",TRUE,FALSE,FALSE,2.82820653915405
0,"snr",3.69897000433602,5000,10,55,5,"x3;x1^2;x2^2;x1^2 x3;x2^2 x3;x3^3;x1^2 x2^2;x1^2 x3^2;x1^2 x2^2 x3;x1 x2^2 x3^2",TRUE,FALSE,FALSE,2.75570940971375
0,"snr",3.69897000433602,5000,15,55,5,"x3;x1^2;x1 x3;x1^2 x3;x2^2 x3;x3^3;x1^2 x2^2;x2^4;x1 x2^4;x1^4 x3;x1^3 x2 x3;x1^2 x2^2 x3;x2^4 x3;x1^2 x3^3",TRUE,FALSE,FALSE,2.64026212692261
0,"snr",3.69897000433602,5000,20,34,4,"x3;x1^2;x2^2;x1^2 x3;x2^2 x3;x3^3;x1^4;x1^2 x2^2;x2^4",TRUE,FALSE,FALSE,2.53396892547607
0,"snr",3.69897000433602,5000,25,55,5,"x3;x1^2;x2^2;x1^2 x3;x2^2 x3;x3^3;x1^2 x2^2",TRUE,FALSE,FALSE,2.75052189826965
0,"snr",3.69897000433602,5000,30,55,5,"x3;x1^2;x2^2;x1 x3;x1^2 x3;x2^2 x3;x3^3;x1^4;x1^2 x2^2;x1^3 x3;x1 x2^2 x3;x3^4",TRUE,FALSE,TRUE,2.77386951446533
0,"snr",3.69897000433602,5000,35,34,4,"x3;x1^2;x2^2;x1 x3;x3^2;x1^2 x3;x2^2 x3;x3^3;x1^4;x1^2 x2^2;x2^4;x1^3 x3;x1^2 x2 x3",TRUE,FALSE,TRUE,2.62881088256836
0,"snr",3.69897000433602,5000,40,34,4,"x3;x1^2;x2^2;x3^2;x1^2 x3;x2^2 x3;x3^3;x1^4;x1^3 x3;x1^2 x3^2;x3^4",TRUE,FALSE,TRUE,2.67016768455505
0,"snr",3.69897000433602,5000,45,34,4,"x3;x1^2;x2^2;x3^2;x1^2 x3;x2^2 x3;x3^3;x1^3 x3;x1^2 x3^2;x3^4",TRUE,FALSE,TRUE,2.55869436264038
0,"snr",3.69897000433602,5000,50,34,4,"x3;x1^2;x2^2;x3^2;x1^2 x3;x2^2 x3;x3^3;x1^3 x3;x1^2 x3^2;x3^4",TRUE,FALSE,TRUE,2.66644906997681
0,"snr",3.69897000433602,5000,55,34,4,"x3;x1^2;x2^2;x3^2;x1^2 x3;x2^2 x3;x3^3;x1^3 x3;x1^2 x3^2;x3^4",TRUE,FALSE,TRUE,2.64819312095642
0,"snr",3.69897000433602,5000,60,55,5,"x3;x1^2;x2^2;x3^2;x1^2 x3;x2^2 x3;x3^3;x1^3 x3;x3^4",TRUE,FALSE,TRUE,3.02522969245911
0,"snr",3.69897000433602,5000,Inf,55,5,"x3;x1^2;x2^2;x1 x3;x3^2;x2^3;x1^2 x3;x2^2 x3;x3^3;x1^4;x1^2 x2^2;x2^4;x1^3 x3;x2 x3^3;x3^4",TRUE,FALSE,TRUE,2.25315070152283
1,"snr",3.69897000433602,5000,1,55,5,"x1^2 x2;x1^2 x3;x1 x2^2 x3;x1^2 x2^2 x3",FALSE,FALSE,FALSE,2.77335166931152
1,"snr",3.69897000433602,5000,5,34,4,"x2^2;x1^2 x3;x1^2 x2^2;x1 x2^2 x3",TRUE,FALSE,FALSE,2.2677161693573
1,"snr",3.69897000433602,5000,10,9,2,"x3;x1^2;x2^2;x3^2",TRUE,FALSE,FALSE,2.12869572639465
1,"snr",3.69897000433602,5000,15,55,5,"x3;x1^2;x2^2;x1^2 x2;x2^3;x1^2 x3^2;x2^2 x3^2;x3^4;x1^5;x1^3 x2^2;x1^2 x2^3;x1^2 x2 x3^2",TRUE,FALSE,FALSE,2.71294474601746
1,"snr",3.69897000433602,5000,20,55,5,"x3;x1^2;x2^2;x1^3 x3;x1^2 x3^2;x2^2 x3^2;x3^4;x1^2 x2^2 x3",TRUE,FALSE,FALSE,2.6551833152771
1,"snr",3.69897000433602,5000,25,55,5,"x3;x1^2;x2^2;x1 x3;x1^2 x3^2;x2^2 x3^2;x3^4",TRUE,FALSE,FALSE,2.6521532535553
1,"snr",3.69897000433602,5000,30,34,4,"x3;x1^2;x2^2;x1^2 x3;x2^2 x3;x3^3;x1^3 x2;x1^2 x2^2;x1^3 x3;x1^2 x3^2;x2^2 x3^2",TRUE,FALSE,TRUE,2.49233436584473
1,"snr",3.69897000433602,5000,35,34,4,"x3;x1^2;x2^2;x2^3;x1^2 x3;x1 x2 x3;x3^3;x1^3 x2;x1^2 x2^2;x2^4;x1^3 x3;x2^3 x3;x1^2 x3^2;x1 x2 x3^2;x2^2 x3^2",TRUE,FALSE,FALSE,2.6136372089386
1,"snr",3.69897000433602,5000,40,34,4,"x3;x1^2;x2^2;x1^2 x3;x2^2 x3;x3^3;x1^2 x2^2;x2^4;x1^3 x3;x2^2 x3^2",TRUE,FALSE,TRUE,2.66995573043823
1,"snr",3.69897000433602,5000,45,55,5,"x2;x3;x1^2;x2^2;x1 x3;x2 x3;x3^2;x1^3;x1^2 x2;x1 x2^2;x2^2 x3;x1 x3^2;x2 x3^2;x3^3;x1^4;x1^2 x2^2;x1 x2^2 x3;x2^3 x3;x1^2 x3^2;x1 x2 x3^2;x1 x3^3;x2 x3^3;x3^4;x1^5;x1^4 x2;x1 x2^4;x1^4 x3;x1^3 x2 x3;x1^2 x2^2 x3;x1^2 x2 x3^2;x2^3 x3^2;x1^2 x3^3;x2^2 x3^3",TRUE,FALSE,FALSE,3.09594774246216
1,"snr",3.69897000433602,5000,50,34,4,"x2;x3;x1^2;x2^2;x1 x3;x2 x3;x1^2 x2;x2^3;x1^2 x3;x1 x2 x3;x2^2 x3;x2 x3^2;x3^3;x1^4;x1^3 x2;x1^2 x2^2;x2^4;x1^3 x3;x1 x2^2 x3;x2^3 x3;x1 x2 x3^2;x2^2 x3^2",TRUE,FALSE,TRUE,2.67796921730042
1,"snr",3.69897000433602,5000,55,34,4,"x2;x3;x1^2;x2^2;x2 x3;x2^3;x1^2 x3;x1 x2 x3;x2^2 x3;x2 x3^2;x3^3;x1^2 x2^2;x2^4;x1^3 x3;x2^3 x3;x1^2 x3^2;x1 x2 x3^2;x2^2 x3^2",TRUE,FALSE,TRUE,2.51530313491821
1,"snr",3.69897000433602,5000,60,34,4,"x2;x3;x1^2;x2^2;x2 x3;x1^2 x2;x2^3;x1^2 x3;x1 x2 x3;x2^2 x3;x2 x3^2;x3^3;x1^2 x2^2;x2^4;x1^3 x3;x2^3 x3;x1^2 x3^2;x1 x2 x3^2;x2^2 x3^2",TRUE,FALSE,TRUE,2.65639138221741
1,"snr",3.69897000433602,5000,Inf,55,5,"x2;x3;x1^2;x1 x2;x2^2;x1 x3;x2 x3;x3^2;x1^3;x1^2 x2;x1 x2^2;x2^3;x1^2 x3;x1 x2 x3;x2^2 x3;x1 x3^2;x2 x3^2;x3^3;x1^4;x1^3 x2;x1^2 x2^2;x1 x2^3;x2^4;x1^3 x3;x1^2 x2 x3;x1 x2^2 x3;x2^3 x3;x1^2 x3^2;x1 x2 x3^2;x2^2 x3^2;x1 x3^3;x2 x3^3;x3^4;x1^5;x1^4 x2;x1^3 x2^2;x1^2 x2^3;x1 x2^4;x1^4 x3;x1^3 x2 x3;x1^2 x2^2 x3;x1 x2^3 x3;x1^3 x3^2;x1^2 x2 x3^2;x1 x2^2 x3^2;x2^3 x3^2;x1^2 x3^3;x1 x2 x3^3;x2^2 x3^3;x1 x3^4;x3^5",TRUE,FALSE,TRUE,2.58754253387451
2,"snr",3.69897000433602,5000,1,55,5,"x1^3 x2^2",FALSE,FALSE,FALSE,2.83060908317566
2,"snr",3.69897000433602,5000,5,55,5,"x1 x3;x1 x2 x3;x1^2 x2^2;x1 x2 x3^2;x1^2 x2^2 x3;x1 x2^3 x3",FALSE,FALSE,FALSE,2.80690312385559
2,"snr",3.69897000433602,5000,10,55,5,"x2^2;x2^2 x3",FALSE,FALSE,FALSE,2.71724939346313
2,"snr",3.69897000433602,5000,15,55,5,"x3;x1^2;x2^2;x1^4;x1^2 x2^2;x1^2 x2 x3;x1^2 x3^2;x2^2 x3^2;x3^4;x1^3 x2 x3",TRUE,FALSE,FALSE,2.64183354377747
2,"snr",3.69897000433602,5000,20,55,5,"x3;x1^2;x2^2;x2^2 x3;x3^3;x1^4;x1^2 x2^2;x1^2 x3^2;x1^2 x2^2 x3",TRUE,FALSE,FALSE,2.73174548149109
2,"snr",3.69897000433602,5000,25,55,5,"x3;x1^2;x2^2;x1^2 x3;x2^2 x3^2;x3^4",TRUE,FALSE,FALSE,2.8617947101593
2,"snr",3.69897000433602,5000,30,55,5,"x3;x1^2;x2^2;x1^2 x3;x2^2 x3;x3^3",TRUE,FALSE,FALSE,2.78635907173157
2,"snr",3.69897000433602,5000,35,55,5,"x2;x3;x1^2;x2^2;x1 x3;x1^3;x1 x2^2;x1^2 x3;x2^2 x3;x2 x3^2;x3^3;x1^4;x1^2 x2^2;x2^4;x1^2 x3^2;x2^2 x3^2;x3^4;x1^2 x2^3;x1^4 x3;x1^2 x2^2 x3",TRUE,FALSE,FALSE,2.88006496429443
2,"snr",3.69897000433602,5000,40,55,5,"x1;x3;x1^2;x1 x2;x2^2;x1 x3;x3^2;x1^3;x1^2 x2;x1 x2^2;x1^2 x3;x2^2 x3;x3^3;x1^4;x1^2 x2 x3;x2^3 x3;x1^2 x3^2;x1 x2 x3^2;x3^4;x1^5;x1^3 x2^2;x1^2 x2^3;x1^4 x3;x1^3 x2 x3;x1 x2^3 x3",TRUE,FALSE,FALSE,3.12235379219055
2,"snr",3.69897000433602,5000,45,55,5,"x1;x2;x3;x1^2;x1 x2;x2^2;x1 x3;x3^2;x1^3;x1^2 x2;x1 x2^2;x2^3;x1^2 x3;x1 x2 x3;x2^2 x3;x1 x3^2;x2 x3^2;x3^3;x1^4;x1^2 x2^2;x2^4;x1^3 x3;x1^2 x2 x3;x1 x2^2 x3;x1^2 x3^2;x1 x2 x3^2;x2^2 x3^2;x1 x3^3;x2 x3^3;x3^4;x1^5;x1^3 x2^2;x1^4 x3;x1^2 x2^2 x3;x1 x2^3 x3;x2^3 x3^2;x1^2 x3^3;x1 x3^4",TRUE,FALSE,TRUE,3.50881576538086
2,"snr",3.69897000433602,5000,50,55,5,"x1;x3;x1^2;x1 x2;x2^2;x1 x3;x3^2;x1^3;x1^2 x2;x1 x2^2;x1^2 x3;x1 x2 x3;x2^2 x3;x1 x3^2;x2 x3^2;x3^3;x1^4;x2^4;x1^2 x2 x3;x1 x2^2 x3;x1^2 x3^2;x1 x2 x3^2;x2^2 x3^2;x1 x3^3;x2 x3^3;x3^4;x1^5;x1^4 x2;x1^3 x2^2;x1^4 x3;x1^3 x2 x3;x1^2 x2^2 x3;x1 x2^3 x3;x1^2 x2 x3^2;x2^3 x3^2;x1^2 x3^3;x1 x3^4",TRUE,FALSE,FALSE,3.44700980186462
2,"snr",3.69897000433602,5000,55,55,5,"x3;x1^2;x2^2;x1 x3;x3^2;x1^2 x3;x2^2 x3;x3^3;x2^4;x1^3 x3;x1^2 x2 x3;x1 x2^2 x3;x1^2 x3^2;x1 x2 x3^2;x2^2 x3^2;x1 x3^3;x3^4;x1^5;x1^3 x2^2;x1^4 x3;x1^3 x2 x3;x1^2 x2^2 x3;x1 x2^3 x3",TRUE,FALSE,TRUE,3.07701945304871
2,"snr",3.69897000433602,5000,60,55,5,"x1;x2;x3;x1^2;x2^2;x1 x3;x3^2;x1^3;x1^2 x2;x1 x2^2;x1^2 x3;x1 x2 x3;x2^2 x3;x2 x3^2;x3^3;x1^4;x1^2 x2^2;x2^4;x1 x2^2 x3;x2^3 x3;x1^2 x3^2;x1 x2 x3^2;x2^2 x3^2;x1 x3^3;x3^4;x1^5;x1^3 x2^2;x1^4 x3;x1^3 x2 x3;x1^2 x2^2 x3;x1 x2^3 x3;x2^3 x3^2;x1^2 x3^3;x1 x3^4",TRUE,FALSE,FALSE,3.24415683746338
2,"snr",3.69897000433602,5000,Inf,55,5,"x2;x3;x1^2;x2^2;x1 x3;x3^2;x1^3;x1 x2^2;x1^2 x3;x1 x2 x3;x2^2 x3;x2 x3^2;x3^3;x1^4;x1^2 x2^2;x2^4;x2^3 x3;x1^2 x3^2;x2^2 x3^2;x1 x3^3;x2 x3^3;x3^4;x1^5;x1^4 x3;x1^3 x2 x3;x1^2 x2^2 x3;x1 x2^3 x3",TRUE,FALSE,FALSE,2.52365922927856
3,"snr",3.69897000433602,5000,1,19,3,"x2^2",FALSE,FALSE,FALSE,2.36703681945801
3,"snr",3.69897000433602,5000,5,55,5,"x2^2;x1^2 x2^2 x3",FALSE,FALSE,FALSE,2.64526224136353
3,"snr",3.69897000433602,5000,10,55,5,"x3;x1^2;x2^2;x1^2 x2;x2^2 x3;x3^3;x1 x2^2 x3;x1^2 x3^2;x1 x2^4;x1^2 x2^2 x3",TRUE,FALSE,FALSE,2.62538433074951
3,"snr",3.69897000433602,5000,15,55,5,"x2;x3;x1^2;x1 x2;x2^2;x3^2;x1 x2^2;x1^2 x3;x1 x2 x3;x2^2 x3;x1^2 x2^2;x1^3 x3;x1^2 x2 x3;x1 x2 x3^2;x3^4;x1^3 x2^2;x1^3 x2 x3;x1^2 x2^2 x3;x2^4 x3;x1^2 x2 x3^2;x1 x2^2 x3^2;x1^2 x3^3;x2^2 x3^3",TRUE,FALSE,FALSE,3.02983665466309
3,"snr",3.69897000433602,5000,20,55,5,"x3;x1^2;x2^2;x1^2 x3^2;x2^2 x3^2;x3^4",TRUE,FALSE,FALSE,2.95768475532532
3,"snr",3.69897000433602,5000,25,34,4,"x3;x1^2;x2^2;x1^2 x3;x2^2 x3;x3^3",TRUE,FALSE,FALSE,2.39931058883667
3,"snr",3.69897000433602,5000,30,55,5,"x3;x1^2;x2^2;x3^3;x1^3 x3;x1^2 x3^2;x2^2 x3^2",TRUE,FALSE,FALSE,2.84948515892029
3,"snr",3.69897000433602,5000,35,55,5,"x2;x3;x1^2;x2^2;x1^2 x3;x2^2 x3;x3^3;x1^4;x1^3 x3;x1^2 x3^2;x2^2 x3^2;x1^2 x2^3;x1^2 x2^2 x3;x2^4 x3;x1^2 x2 x3^2",TRUE,FALSE,TRUE,2.82937097549438
3,"snr",3.69897000433602,5000,40,55,5,"x3;x1^2;x2^2;x1^2 x3;x2^2 x3;x3^3;x1^4;x1^2 x2^2;x1^3 x3;x1^2 x3^2;x2^2 x3^2;x1^2 x2^3;x1^2 x3^3",TRUE,FALSE,TRUE,3.01323747634888
3,"snr",3.69897000433602,5000,45,55,5,"x3;x1^2;x2^2;x1^2 x3;x2^2 x3;x3^3;x1^3 x3",TRUE,TRUE,TRUE,3.07733941078186
3,"snr",3.69897000433602,5000,50,55,5,"x3;x1^2;x2^2;x1^2 x3;x2^2 x3;x3^3;x1^3 x3;x1^2 x3^2;x2^2 x3^2;x1^2 x2^2 x3;x2^4 x3",TRUE,FALSE,TRUE,3.10102224349976
3,"snr",3.69897000433602,5000,55,55,5,"x3;x1^2;x2^2;x1^2 x3;x2^2 x3;x3^3;x1^4;x1^3 x3;x1^2 x3^2;x2^2 x3^2;x1^4 x3;x1^2 x2^2 x3;x2^4 x3",TRUE,FALSE,TRUE,3.25114989280701
3,"snr",3.69897000433602,5000,60,55,5,"x1;x2;x3;x1^2;x2^2;x1^2 x3;x2^2 x3;x3^3;x1^3 x3;x1^2 x3^2;x2^2 x3^2;x1^4 x3;x1^2 x2^2 x3;x2^4 x3",TRUE,FALSE,TRUE,2.94399642944336
3,"snr",3.69897000433602,5000,Inf,55,5,"x1;x2;x3;x1^2;x2^2;x1 x3;x2 x3;x2^3;x1^2 x3;x2^2 x3;x1 x3^2;x3^3;x1^4;x1^2 x2^2;x1^3 x3;x1 x2^2 x3;x2^3 x3;x1^2 x3^2;x2^2 x3^2;x1 x3^3;x1^4 x2;x1^4 x3;x1^2 x2^2 x3;x2^4 x3;x1^2 x2 x3^2;x2^3 x3^2;x1^2 x3^3;x2^2 x3^3",TRUE,FALSE,TRUE,2.38254952430725
4,"snr",3.69897000433602,5000,1,55,5,"x1^2;x2^2;x2 x3;x2^3 x3;x1^2 x2^3",TRUE,FALSE,FALSE,2.72008037567139
4,"snr",3.69897000433602,5000,5,55,5,"x1^2;x1^2 x2;x1 x2 x3;x1^3 x2;x1^3 x3;x1^3 x2 x3;x1 x2^3 x3",FALSE,FALSE,FALSE,2.79880738258362
4,"snr",3.69897000433602,5000,10,9,2,"x3;x1^2;x2^2;x3^2",TRUE,FALSE,FALSE,2.29484033584595
4,"snr",3.69897000433602,5000,15,55,5,"x3;x1^2;x2^2;x1 x3;x1^2 x2;x1 x2^2;x1^2 x3;x3^3;x1^2 x2^2;x2^4;x1 x2^2 x3;x1 x2 x3^2;x2^2 x3^2;x1^3 x2^2;x1 x2^4;x1^3 x2 x3;x1^2 x2^2 x3;x1 x2 x3^3",TRUE,FALSE,FALSE,2.75196266174316
4,"snr",3.69897000433602,5000,20,55,5,"x3;x1^2;x2^2;x1^2 x2;x1^2 x3;x2^2 x3;x3^3;x1^2 x2^2;x1^2 x2^3;x1^2 x2^2 x3",TRUE,FALSE,FALSE,2.92342495918274
4,"snr",3.69897000433602,5000,25,34,4,"x3;x1^2;x2^2;x1 x3;x1^2 x3;x2^2 x3;x3^3;x1^2 x2^2",TRUE,FALSE,FALSE,2.62889981269836
4,"snr",3.69897000433602,5000,30,55,5,"x3;x1^2;x2^2;x1 x3;x1 x2^2;x2^3;x1^2 x3;x1 x2 x3;x2^2 x3;x3^3;x1^2 x2^2;x1^3 x3;x2^2 x3^2;x3^4;x1^2 x2^3;x1^2 x2 x3^2",TRUE,FALSE,TRUE,2.87390065193176
4,"snr",3.69897000433602,5000,35,34,4,"x2;x3;x1^2;x2^2;x1 x3;x3^2;x1^2 x2;x1^2 x3;x2^2 x3;x3^3;x1^4;x1^2 x2^2;x1 x2^3;x2^4;x1^3 x3;x1 x2^2 x3;x1 x2 x3^2;x3^4",TRUE,FALSE,TRUE,2.7967734336853
4,"snr",3.69897000433602,5000,40,55,5,"x3;x1^2;x2^2;x1 x3;x1^2 x3;x2^2 x3;x3^3;x2^4;x1^3 x3;x2^2 x3^2;x3^4;x1^2 x2^2 x3;x2^4 x3;x2^3 x3^2",TRUE,FALSE,TRUE,3.06200337409973
4,"snr",3.69897000433602,5000,45,55,5,"x3;x1^2;x2^2;x3^2;x1^2 x3;x2^2 x3;x3^3;x1^2 x2^2;x2^4;x1^3 x3;x2^3 x3;x2^2 x3^2;x3^4;x2^4 x3",TRUE,FALSE,TRUE,2.98934149742126
4,"snr",3.69897000433602,5000,50,55,5,"x3;x1^2;x2^2;x3^2;x1^2 x3;x2^2 x3;x3^3;x1^2 x2^2;x2^4;x1^3 x3;x2^2 x3^2;x3^4;x1^2 x2^2 x3;x2^4 x3",TRUE,FALSE,TRUE,2.92659974098206
4,"snr",3.69897000433602,5000,55,55,5,"x3;x1^2;x2^2;x3^2;x1^2 x3;x2^2 x3;x3^3;x1^2 x2^2;x2^4;x1^3 x3;x2^2 x3^2;x3^4;x1^2 x2^2 x3;x2^4 x3",TRUE,FALSE,TRUE,3.15545153617859
4,"snr",3.69897000433602,5000,60,55,5,"x3;x1^2;x2^2;x1 x3;x3^2;x1^2 x2;x1 x2^2;x2^3;x1^2 x3;x2^2 x3;x3^3;x1^2 x2^2;x2^4;x1^3 x3;x2^3 x3;x2^2 x3^2;x3^4;x1^2 x2^3;x1^2 x2^2 x3;x2^4 x3;x2^3 x3^2",TRUE,FALSE,TRUE,3.18507099151611
4,"snr",3.69897000433602,5000,Inf,55,5,"x3;x1^2;x2^2;x1 x3;x3^2;x1^3;x1^2 x2;x1 x2^2;x2^3;x1^2 x3;x1 x2 x3;x2^2 x3;x2 x3^2;x3^3;x1^2 x2^2;x2^4;x1^3 x3;x2^3 x3;x2^2 x3^2;x2 x3^3;x3^4;x1^2 x2^3;x2^5;x1^2 x2^2 x3;x2^4 x3;x2^3 x3^2",TRUE,FALSE,TRUE,2.55341386795044
5,"snr",3.69897000433602,5000,1,34,4,"x1^2 x2^2",FALSE,FALSE,FALSE,2.338951587677
5,"snr",3.69897000433602,5000,5,55,5,"x1^2 x3;x2^2 x3;x2^4 x3",FALSE,FALSE,FALSE,2.69331693649292
5,"snr",3.69897000433602,5000,10,9,2,"x3;x1^2;x2^2;x3^2",TRUE,FALSE,FALSE,2.28787064552307
5,"snr",3.69897000433602,5000,15,34,4,"x3;x1^2;x2^2;x2^2 x3;x3^3",TRUE,FALSE,FALSE,2.39781641960144
5,"snr",3.69897000433602,5000,20,34,4,"x3;x1^2;x2^2;x2^2 x3;x3^3;x1^4;x1^2 x3^2",TRUE,FALSE,FALSE,2.52270364761353
5,"snr",3.69897000433602,5000,25,34,4,"x3;x1^2;x2^2;x1^2 x3;x2^2 x3;x3^3;x1^2 x2^2",TRUE,FALSE,FALSE,2.47988605499268
5,"snr",3.69897000433602,5000,30,55,5,"x3;x1^2;x2^2;x1^2 x2;x3^3;x1^2 x2^2;x1^3 x3;x1^2 x2 x3;x1^2 x3^2;x2^2 x3^2;x3^4;x1^2 x2^3;x1^4 x3;x1^2 x2^2 x3;x2^4 x3",TRUE,FALSE,FALSE,2.76506924629211
5,"snr",3.69897000433602,5000,35,55,5,"x3;x1^2;x2^2;x3^3;x1^4;x1^2 x2^2;x2^4;x1^3 x3;x1^2 x3^2;x2^2 x3^2;x3^4;x1^3 x2^2;x1^4 x3;x1^2 x2^2 x3",TRUE,FALSE,FALSE,3.03909993171692
5,"snr",3.69897000433602,5000,40,55,5,"x3;x1^2;x2^2;x2^2 x3;x3^3;x1^4;x1^2 x2^2;x2^4;x1^3 x3;x1^2 x3^2;x2^2 x3^2;x3^4;x1^4 x3;x1^2 x2^2 x3",TRUE,FALSE,FALSE,3.13921213150024
5,"snr",3.69897000433602,5000,45,34,4,"x1;x3;x1^2;x2^2;x1 x3;x3^2;x1^3;x1^2 x3;x2^2 x3;x1 x3^2;x3^3;x1^4;x1^2 x2^2;x1 x2^2 x3;x1^2 x3^2;x2^2 x3^2;x1 x3^3;x3^4",TRUE,FALSE,FALSE,2.72421169281006
5,"snr",3.69897000433602,5000,50,34,4,"x1;x3;x1^2;x1 x2;x2^2;x1 x3;x3^2;x1^3;x1^2 x2;x1 x2^2;x1^2 x3;x1 x2 x3;x2^2 x3;x1 x3^2;x2 x3^2;x3^3;x1^4;x1^3 x2;x1^2 x2^2;x2^4;x1^3 x3;x1 x2^2 x3;x1^2 x3^2;x1 x2 x3^2;x2^2 x3^2;x1 x3^3;x3^4",TRUE,FALSE,TRUE,2.78041791915894
5,"snr",3.69897000433602,5000,55,34,4,"x1;x3;x1^2;x1 x2;x2^2;x1 x3;x3^2;x1^3;x1^2 x2;x1 x2^2;x1^2 x3;x2^2 x3;x1 x3^2;x2 x3^2;x3^3;x1^4;x1^3 x2;x1^2 x2^2;x1 x2^3;x2^4;x1 x2^2 x3;x1^2 x3^2;x1 x2 x3^2;x2^2 x3^2;x1 x3^3;x3^4",TRUE,FALSE,FALSE,2.73270177841187
5,"snr",3.69897000433602,5000,60,34,4,"x1;x2;x3;x1^2;x2^2;x1 x3;x2 x3;x3^2;x1^3;x1^2 x2;x2^3;x1^2 x3;x1 x2 x3;x2^2 x3;x1 x3^2;x2 x3^2;x3^3;x1^4;x1^3 x2;x1^2 x2^2;x1 x2^3;x2^4;x1 x2^2 x3;x1^2 x3^2;x1 x2 x3^2;x2^2 x3^2;x1 x3^3;x3^4",TRUE,FALSE,FALSE,2.72914361953735
5,"snr",3.69897000433602,5000,Inf,55,5,"x3;x1^2;x2^2;x2 x3;x3^2;x1 x2^2;x1 x2 x3;x2^2 x3;x1 x3^2;x3^3;x1^4;x1^2 x2^2;x2^4;x1^3 x3;x1^2 x2 x3;x1 x2^2 x3;x1^2 x3^2;x2^2 x3^2;x3^4;x1^2 x2^3;x1^4 x3;x1^2 x2^2 x3;x2^4 x3;x2^3 x3^2",TRUE,FALSE,FALSE,2.44337844848633
6,"snr",3.69897000433602,5000,1,55,5,"x3;x1^2;x2^2;x1^2 x2;x1 x2^2;x1^2 x3;x1^2 x2^2;x1 x2^3;x1^2 x2 x3;x1^2 x3^2;x1 x2 x3^2;x1^2 x2^3;x1 x2^4;x1^3 x2 x3",TRUE,FALSE,FALSE,2.82254338264465
6,"snr",3.69897000433602,5000,5,55,5,"x1^2;x1^2 x3;x1 x2 x3;x1^2 x3^2;x1 x2 x3^2;x1^2 x2^2 x3",FALSE,FALSE,FALSE,2.97558426856995
6,"snr",3.69897000433602,5000,10,55,5,"x3;x1^2;x2^2;x1 x2^2;x1^2 x3;x2^2 x3;x3^3;x1^2 x2^2;x1 x2^4;x1^3 x2 x3;x1 x2^3 x3;x1^2 x3^3",TRUE,FALSE,FALSE,2.66595864295959
6,"snr",3.69897000433602,5000,15,55,5,"x3;x1^2;x1^2 x3;x2^2 x3;x1^4;x1^2 x2^2;x2^4;x3^4;x1^2 x2^2 x3",TRUE,FALSE,FALSE,2.78360033035278
6,"snr",3.69897000433602,5000,20,34,4,"x3;x1^2;x2^2;x1^2 x3;x2^2 x3;x3^3",TRUE,FALSE,FALSE,2.51775527000427
6,"snr",3.69897000433602,5000,25,55,5,"x3;x1^2;x2^2;x1^2 x3;x2^2 x3;x3^3;x1^2 x2^2",TRUE,FALSE,FALSE,2.83217644691467
6,"snr",3.69897000433602,5000,30,55,5,"x3;x1^2;x2^2;x1 x3;x1^3;x1^2 x3;x2^2 x3;x3^3;x1^4;x1^2 x2^2;x2^4;x1 x3^3;x3^4;x1^3 x2 x3;x1^2 x2^2 x3;x1^3 x3^2",TRUE,FALSE,FALSE,2.74614810943604
6,"snr",3.69897000433602,5000,35,55,5,"x3;x1^2;x2^2;x1 x3;x3^2;x1^3;x1 x2^2;x1^2 x3;x2^2 x3;x3^3;x1^2 x2^2;x2^4;x1 x3^3;x3^4;x1^3 x2^2;x1^2 x2^2 x3;x1^3 x3^2",TRUE,FALSE,FALSE,2.96658444404602
6,"snr",3.69897000433602,5000,40,34,4,"x3;x1^2;x2^2;x3^2;x1^2 x3;x2^2 x3;x3^3;x1^2 x2^2;x1^3 x3;x3^4",TRUE,FALSE,TRUE,2.71921873092651
6,"snr",3.69897000433602,5000,45,34,4,"x3;x1^2;x2^2;x3^2;x1^2 x3;x2^2 x3;x3^3;x1^3 x3;x3^4",TRUE,FALSE,TRUE,2.71711349487305
6,"snr",3.69897000433602,5000,50,34,4,"x3;x1^2;x2^2;x3^2;x1^2 x3;x2^2 x3;x3^3;x1^3 x3;x3^4",TRUE,FALSE,TRUE,2.77066588401794
6,"snr",3.69897000433602,5000,55,34,4,"x3;x1^2;x2^2;x1^2 x3;x2^2 x3;x3^3;x1^3 x3",TRUE,TRUE,TRUE,2.54983353614807
6,"snr",3.69897000433602,5000,60,34,4,"x3;x1^2;x2^2;x1^2 x3;x2^2 x3;x3^3;x1^3 x3",TRUE,TRUE,TRUE,2.78903818130493
6,"snr",3.69897000433602,5000,Inf,55,5,"x3;x1^2;x2^2;x1 x3;x3^2;x1^3;x1 x2^2;x1^2 x3;x2^2 x3;x1 x3^2;x3^3;x1^4;x1^2 x2^2;x2^4;x1^3 x3;x1^2 x3^2;x2^2 x3^2;x1 x3^3;x2 x3^3;x3^4;x1^5;x1^4 x3;x1^2 x2^2 x3;x2^4 x3;x1^3 x3^2;x3^5",TRUE,FALSE,TRUE,2.53972625732422
7,"snr",3.69897000433602,5000,1,55,5,"x1^2 x2^2",TRUE,FALSE,FALSE,2.75791382789612
7,"snr",3.69897000433602,5000,5,55,5,"x3;x1 x2;x1 x2^2;x1^2 x3;x2^2 x3;x1 x2^3;x1^3 x2^2",FALSE,FALSE,FALSE,2.81106925010681
7,"snr",3.69897000433602,5000,10,9,2,"x3;x1^2;x2^2;x3^2",TRUE,FALSE,FALSE,2.20915842056274
7,"snr",3.69897000433602,5000,15,34,4,"x3;x1^2;x2^2;x1^2 x3;x2^2 x3;x3^3;x1^2 x2^2;x2^4;x1 x2^2 x3",TRUE,FALSE,FALSE,2.65707445144653
7,"snr",3.69897000433602,5000,20,34,4,"x3;x1^2;x2^2;x1^2 x3;x2^2 x3;x3^3",TRUE,FALSE,FALSE,2.50929260253906
7,"snr",3.69897000433602,5000,25,34,4,"x3;x1^2;x2^2;x1^2 x3;x2^2 x3;x3^3",TRUE,FALSE,FALSE,2.49270939826965
7,"snr",3.69897000433602,5000,30,34,4,"x3;x1^2;x2^2;x3^2;x1^2 x3;x2^2 x3;x3^3;x1^4;x1^2 x2^2;x1^3 x3;x1^2 x3^2;x3^4",TRUE,FALSE,TRUE,2.60118842124939
7,"snr",3.69897000433602,5000,35,34,4,"x3;x1^2;x2^2;x1^2 x3;x2^2 x3;x3^3;x1^4;x1^2 x2^2;x2^4;x1^3 x3;x1^2 x3^2",TRUE,FALSE,TRUE,2.53139615058899
7,"snr",3.69897000433602,5000,40,34,4,"x3;x1^2;x2^2;x3^2;x1^2 x3;x2^2 x3;x3^3;x1^2 x2^2;x1^3 x3;x3^4",TRUE,FALSE,TRUE,2.67625665664673
7,"snr",3.69897000433602,5000,45,34,4,"x3;x1^2;x2^2;x3^2;x1^2 x3;x2^2 x3;x3^3;x1^3 x3;x3^4",TRUE,FALSE,TRUE,2.73870182037354
7,"snr",3.69897000433602,5000,50,34,4,"x3;x1^2;x2^2;x3^2;x1^2 x3;x2^2 x3;x3^3;x1^3 x3;x3^4",TRUE,FALSE,TRUE,2.72336411476135
7,"snr",3.69897000433602,5000,55,34,4,"x3;x1^2;x2^2;x1^2 x3;x2^2 x3;x3^3;x1^2 x2^2;x1^3 x3;x1^2 x3^2",TRUE,FALSE,TRUE,2.87451386451721
7,"snr",3.69897000433602,5000,60,34,4,"x3;x1^2;x2^2;x1^2 x3;x2^2 x3;x3^3;x1^4;x1^2 x2^2;x2^4;x1^3 x3;x1^2 x3^2",TRUE,FALSE,TRUE,2.7513644695282
7,"snr",3.69897000433602,5000,Inf,55,5,"x3;x1^2;x2^2;x3^2;x1^2 x3;x2^2 x3;x1 x3^2;x2 x3^2;x3^3;x1^4;x1^2 x2^2;x2^4;x1^3 x3;x1^2 x3^2;x1 x2 x3^2;x2^2 x3^2;x1 x3^3;x3^4;x1^4 x3;x1^2 x2^2 x3;x2^4 x3",TRUE,FALSE,TRUE,2.39303374290466
8,"snr",3.69897000433602,5000,1,19,3,"x1 x2 x3",FALSE,FALSE,FALSE,2.40516304969788
8,"snr",3.69897000433602,5000,5,55,5,"x1 x3;x1^2 x3;x2^4;x1 x2^2 x3;x2^2 x3^2;x1^2 x2^3",TRUE,FALSE,FALSE,2.74057793617249
8,"snr",3.69897000433602,5000,10,55,5,"x3;x1^2;x2^2;x1^2 x3;x1 x2 x3;x2^2 x3;x3^3;x1^2 x2^2;x1^2 x2 x3;x1^3 x2^2;x1^3 x2 x3;x1^2 x2^2 x3;x2^4 x3;x1^2 x2 x3^2;x1 x2^2 x3^2",TRUE,FALSE,FALSE,2.74502468109131
8,"snr",3.69897000433602,5000,15,55,5,"x3;x1^2;x2^2;x2 x3^2;x3^3;x1^4;x1^2 x2^2;x1^2 x3^2;x1 x2 x3^2;x2^2 x3^2;x1^2 x2^2 x3;x1^2 x2 x3^2;x1 x2^2 x3^2",TRUE,FALSE,FALSE,2.87991976737976
8,"snr",3.69897000433602,5000,20,55,5,"x3;x1^2;x2^2;x1^3 x3;x1^2 x3^2;x2^2 x3^2;x3^4;x1^2 x2^2 x3",TRUE,FALSE,FALSE,2.86715173721313
8,"snr",3.69897000433602,5000,25,34,4,"x3;x1^2;x2^2;x1^2 x3;x3^3;x2^2 x3^2",TRUE,FALSE,FALSE,2.54693222045898
8,"snr",3.69897000433602,5000,30,34,4,"x3;x1^2;x2^2;x1^2 x3;x2^2 x3;x1 x3^2;x3^3;x1^2 x2^2;x1^3 x3",TRUE,FALSE,TRUE,2.59608840942383
8,"snr",3.69897000433602,5000,35,55,5,"x3;x1^2;x2^2;x3^3;x1^4;x1^2 x2^2;x2^4;x1^3 x3;x1^2 x3^2;x2^2 x3^2;x3^4;x1^2 x2^2 x3;x2^4 x3",TRUE,FALSE,FALSE,2.91722178459167
8,"snr",3.69897000433602,5000,40,34,4,"x3;x1^2;x2^2;x1^2 x3;x2^2 x3;x3^3;x1^3 x3",TRUE,TRUE,TRUE,2.70937824249268
8,"snr",3.69897000433602,5000,45,34,4,"x3;x1^2;x2^2;x1^2 x3;x2^2 x3;x3^3;x1^3 x3",TRUE,TRUE,TRUE,2.73611998558044
8,"snr",3.69897000433602,5000,50,34,4,"x3;x1^2;x2^2;x1^2 x3;x2^2 x3;x3^3;x1^3 x3",TRUE,TRUE,TRUE,2.52466940879822
8,"snr",3.69897000433602,5000,55,34,4,"x3;x1^2;x2^2;x1^2 x3;x2^2 x3;x3^3;x1^3 x3",TRUE,TRUE,TRUE,2.73532247543335
8,"snr",3.69897000433602,5000,60,34,4,"x3;x1^2;x2^2;x1^2 x3;x2^2 x3;x3^3;x1^3 x3;x2^2 x3^2",TRUE,FALSE,TRUE,2.75207257270813
8,"snr",3.69897000433602,5000,Inf,55,5,"x3;x1^2;x2^2;x2 x3;x3^2;x1^2 x3;x1 x3^2;x3^3;x1^4;x1^2 x2^2;x2^4;x1^3 x3;x1^2 x2 x3;x1 x2^2 x3;x1^2 x3^2;x1 x2 x3^2;x2^2 x3^2;x3^4;x1^2 x2^3;x1^4 x3;x1^2 x2^2 x3;x2^4 x3",TRUE,FALSE,FALSE,2.36160111427307
9,"snr",3.69897000433602,5000,1,55,5,"",TRUE,FALSE,FALSE,2.58059430122375
9,"snr",3.69897000433602,5000,5,55,5,"x1^2;x1^2 x2;x1 x2^2;x2^3;x1 x2 x3;x1^2 x2^2;x1 x2^2 x3;x1 x2 x3^2;x1^4 x2;x1^3 x2^2;x1 x2^4;x1^2 x2^2 x3;x1 x2^2 x3^2;x1 x2 x3^3",FALSE,FALSE,FALSE,2.64732909202576
9,"snr",3.69897000433602,5000,10,9,2,"x3;x1^2;x2^2;x3^2",TRUE,FALSE,FALSE,2.14312863349915
9,"snr",3.69897000433602,5000,15,55,5,"x3;x1^2;x2^2;x1^2 x3;x1^2 x2^2;x2^2 x3^2;x3^4;x1^2 x2^3;x1^2 x2^2 x3;x1^3 x3^2;x1^2 x2 x3^2",TRUE,FALSE,FALSE,2.65160179138184
9,"snr",3.69897000433602,5000,20,55,5,"x3;x1^2;x2^2;x1^2 x2^2;x1^2 x3^2;x2^2 x3^2;x3^4",TRUE,FALSE,FALSE,2.74172067642212
9,"snr",3.69897000433602,5000,25,55,5,"x3;x1^2;x2^2;x1^2 x3^2;x2^2 x3^2;x3^4;x1^2 x2^2 x3",TRUE,FALSE,FALSE,2.72451877593994
9,"snr",3.69897000433602,5000,30,55,5,"x3;x1^2;x2^2;x3^2;x1^4;x2^4;x1^3 x3;x1^2 x3^2;x2^2 x3^2;x3^4;x1^2 x2^3;x1^2 x2^2 x3",TRUE,FALSE,FALSE,2.80822038650513
9,"snr",3.69897000433602,5000,35,55,5,"x3;x1^2;x2^2;x1 x3;x2 x3;x3^2;x2^2 x3;x3^3;x1^4;x1^2 x2^2;x1^3 x3;x1^2 x2 x3;x1^2 x3^2;x2^2 x3^2;x2 x3^3;x3^4;x1^4 x2;x1^3 x2^2;x1^4 x3;x1^2 x2^2 x3;x2^4 x3;x1^2 x2 x3^2;x1 x2^2 x3^2;x2^3 x3^2;x1^2 x3^3;x2^2 x3^3",TRUE,FALSE,FALSE,3.04781460762024
9,"snr",3.69897000433602,5000,40,55,5,"x3;x1^2;x2^2;x1 x3;x2 x3;x3^2;x1^3;x2^2 x3;x2 x3^2;x3^3;x1^3 x2;x2^4;x1^2 x2 x3;x1 x2^2 x3;x2^3 x3;x1^2 x3^2;x2^2 x3^2;x2 x3^3;x3^4;x1^5;x1^2 x2^3;x1^4 x3;x1^3 x2 x3;x1^2 x2^2 x3;x2^4 x3;x1^3 x3^2;x1^2 x3^3;x2^2 x3^3;x1 x3^4",TRUE,FALSE,FALSE,3.29952597618103
9,"snr",3.69897000433602,5000,45,34,4,"x3;x1^2;x2^2;x1^2 x3;x2^2 x3;x3^3;x1^4;x1^3 x3;x1^2 x3^2",TRUE,FALSE,TRUE,2.58619689941406
9,"snr",3.69897000433602,5000,50,34,4,"x3;x1^2;x2^2;x1^2 x3;x2^2 x3;x3^3;x1^4;x1^2 x2^2;x1^3 x3;x1^2 x3^2",TRUE,FALSE,TRUE,2.60923838615417
9,"snr",3.69897000433602,5000,55,34,4,"x3;x1^2;x2^2;x1^2 x3;x2^2 x3;x3^3;x1^3 x3;x1^2 x3^2",TRUE,FALSE,TRUE,2.50986170768738
9,"snr",3.69897000433602,5000,60,34,4,"x3;x1^2;x2^2;x1^2 x3;x2^2 x3;x3^3;x1^4;x1^2 x2^2;x1^3 x3;x1^2 x3^2",TRUE,FALSE,TRUE,2.43791651725769
9,"snr",3.69897000433602,5000,Inf,55,5,"x1;x3;x1^2;x2^2;x1 x3;x2 x3;x3^2;x1^3;x2^2 x3;x2 x3^2;x3^3;x1^4;x1^2 x2^2;x2^4;x1^3 x3;x1^2 x2 x3;x1 x2^2 x3;x2^3 x3;x1^2 x3^2;x2^2 x3^2;x2 x3^3;x3^4;x1^4 x2;x1^2 x2^3;x1 x2^4;x1^4 x3;x1^2 x2^2 x3;x2^4 x3;x1^3 x3^2;x1^2 x3^3;x2^2 x3^3;x1 x3^4",TRUE,FALSE,FALSE,2.4682445526123
10,"snr",3.69897000433602,5000,1,9,2,"x1;x1^2;x2^2;x1 x3",TRUE,FALSE,FALSE,2.22634792327881
10,"snr",3.69897000433602,5000,5,9,2,"x1^2",FALSE,FALSE,FALSE,2.21403026580811
10,"snr",3.69897000433602,5000,10,34,4,"x1^2 x2^2;x1^2 x2 x3",FALSE,FALSE,FALSE,2.2294807434082
10,"snr",3.69897000433602,5000,15,55,5,"x3;x1^2;x1^2 x2^2;x2^4;x1^2 x3^2;x2^2 x3^2;x1^2 x2^2 x3;x1^2 x2 x3^2",TRUE,FALSE,FALSE,2.68257236480713
10,"snr",3.69897000433602,5000,20,55,5,"x3;x1^2;x2^2;x3^2;x1^3;x1 x2^2;x1^4;x1^3 x2;x1^2 x2^2;x1 x2^3;x1^2 x3^2;x2^2 x3^2;x1 x3^3;x3^4;x1^4 x2;x1 x2^4;x1^2 x2^2 x3",TRUE,FALSE,FALSE,2.76871466636658
10,"snr",3.69897000433602,5000,25,55,5,"x3;x1^2;x2^2;x1^2 x2;x3^3;x1^2 x2^2;x1 x2^2 x3;x1^2 x3^2;x1^4 x2;x1^2 x2^3;x1^2 x2^2 x3",TRUE,FALSE,FALSE,2.80970501899719
10,"snr",3.69897000433602,5000,30,55,5,"x3;x1^2;x2^2;x1^2 x3;x2^2 x3;x3^3;x1^3 x3;x1^2 x2 x3;x1^2 x2 x3^2",TRUE,FALSE,TRUE,2.73364973068237
10,"snr",3.69897000433602,5000,35,34,4,"x3;x1^2;x2^2;x1^2 x3;x3^3;x1^2 x2^2;x2^4;x1^3 x3;x2^2 x3^2",TRUE,FALSE,FALSE,2.54828810691833
10,"snr",3.69897000433602,5000,40,34,4,"x3;x1^2;x2^2;x1^2 x3;x2^2 x3;x3^3;x1^3 x3",TRUE,TRUE,TRUE,2.47814726829529
10,"snr",3.69897000433602,5000,45,34,4,"x3;x1^2;x2^2;x1^2 x3;x2^2 x3;x3^3;x1^3 x3;x2^2 x3^2",TRUE,FALSE,TRUE,2.62999868392944
10,"snr",3.69897000433602,5000,50,34,4,"x3;x1^2;x2^2;x1^2 x3;x2^2 x3;x3^3;x1^3 x3",TRUE,TRUE,TRUE,2.60551691055298
10,"snr",3.69897000433602,5000,55,34,4,"x3;x1^2;x2^2;x1^2 x3;x2^2 x3;x3^3;x1^3 x3;x2^2 x3^2",TRUE,FALSE,TRUE,2.57014489173889
10,"snr",3.69897000433602,5000,60,34,4,"x3;x1^2;x2^2;x1^2 x3;x2^2 x3;x3^3;x1^2 x2^2;x2^4;x1^3 x3;x2^2 x3^2",TRUE,FALSE,TRUE,2.518061876297
10,"snr",3.69897000433602,5000,Inf,55,5,"x3;x1^2;x2^2;x3^2;x1^2 x3;x2^2 x3;x3^3;x1^4;x1^2 x2^2;x2^4;x1^3 x3;x1^2 x3^2;x1 x2 x3^2;x2^2 x3^2;x2 x3^3;x3^4;x1^5;x1 x2^4;x1^2 x2^2 x3;x1^2 x3^3;x2^2 x3^3",TRUE,FALSE,TRUE,2.23483467102051
11,"snr",3.69897000433602,5000,1,55,5,"",TRUE,FALSE,FALSE,2.27240324020386
11,"snr",3.69897000433602,5000,5,9,2,"x1^2",TRUE,FALSE,FALSE,1.91760897636414
11,"snr",3.69897000433602,5000,10,55,5,"x1^2 x3;x1^4 x3;x1^2 x2 x3^2",FALSE,FALSE,FALSE,2.43210220336914
11,"snr",3.69897000433602,5000,15,55,5,"x1^2 x2;x1^2 x3;x1 x2 x3;x1 x3^2;x1^4;x1^3 x2;x1^3 x3;x1^2 x2 x3;x1 x2^2 x3;x1^2 x3^2;x1^3 x2 x3;x1 x2^3 x3;x1^3 x3^2;x1^2 x2 x3^2",FALSE,FALSE,FALSE,2.74440169334412
11,"snr",3.69897000433602,5000,20,34,4,"x3;x1^2;x2^2;x3^2;x1^2 x2;x1 x2 x3;x2^2 x3;x3^3;x1^4;x1^3 x2;x1^2 x2^2;x1^3 x3;x1^2 x2 x3;x1 x2 x3^2",TRUE,FALSE,FALSE,2.02865624427795
11,"snr",3.69897000433602,5000,25,55,5,"x2;x3;x1^2;x2^2;x1 x3;x3^2;x1^3;x1^2 x2;x2^3;x1^2 x3;x1 x2 x3;x2^2 x3;x1 x3^2;x3^3;x1^4;x1^3 x2;x1^2 x2^2;x1^3 x3;x1^2 x2 x3;x1 x2^2 x3;x1 x2 x3^2;x1 x3^3;x1^5;x1^4 x2;x1^3 x2^2;x1^2 x2^3;x1 x2^4;x1^3 x2 x3;x1^2 x2^2 x3;x1 x2^3 x3;x1^3 x3^2;x1^2 x2 x3^2;x1 x2^2 x3^2;x2^3 x3^2;x1^2 x3^3;x1 x2 x3^3;x2^2 x3^3;x1 x3^4",TRUE,FALSE,TRUE,3.11724472045898
11,"snr",3.69897000433602,5000,30,34,4,"x3;x1^2;x2^2;x1 x3;x1^3;x1^2 x3;x2^2 x3;x3^3;x1^2 x3^2",TRUE,FALSE,FALSE,2.29496002197266
11,"snr",3.69897000433602,5000,35,55,5,"x3;x1^2;x2^2;x1^2 x2;x1^2 x3;x2^2 x3;x3^3;x1^3 x3;x1^2 x2 x3",TRUE,FALSE,TRUE,2.48002147674561
11,"snr",3.69897000433602,5000,40,34,4,"x3;x1^2;x2^2;x1 x3;x1^2 x3;x2^2 x3;x3^3;x1^3 x3;x1 x2^2 x3",TRUE,FALSE,TRUE,2.29545927047729
11,"snr",3.69897000433602,5000,45,34,4,"x3;x1^2;x2^2;x1 x3;x2 x3;x3^2;x1^2 x3;x2^2 x3;x3^3;x1^3 x3;x1 x2^2 x3;x1 x3^3;x3^4",TRUE,FALSE,TRUE,2.37321376800537
11,"snr",3.69897000433602,5000,50,34,4,"x1;x2;x3;x1^2;x1 x2;x2^2;x1 x3;x2 x3;x3^2;x1^3;x1^2 x2;x2^3;x1^2 x3;x1 x2 x3;x2^2 x3;x1 x3^2;x2 x3^2;x1^4;x1^3 x2;x1^2 x2^2;x1 x2^3;x2^4;x1^3 x3;x1 x2^2 x3;x1^2 x3^2;x1 x2 x3^2;x2^2 x3^2;x1 x3^3;x2 x3^3;x3^4",TRUE,FALSE,FALSE,2.55883240699768
11,"snr",3.69897000433602,5000,55,34,4,"x2;x3;x1^2;x2^2;x1 x3;x2 x3;x3^2;x1^2 x2;x2^3;x1^2 x3;x2^2 x3;x3^3;x1^3 x3;x1 x2^2 x3;x3^4",TRUE,FALSE,TRUE,2.39850664138794
11,"snr",3.69897000433602,5000,60,34,4,"x1;x2;x3;x1^2;x1 x2;x2^2;x1 x3;x2 x3;x3^2;x1^3;x1^2 x2;x1 x2^2;x2^3;x1^2 x3;x1 x2 x3;x2^2 x3;x1 x3^2;x2 x3^2;x1^4;x1^3 x2;x1^2 x2^2;x1 x2^3;x2^4;x1^3 x3;x1 x2^2 x3;x1^2 x3^2;x2^2 x3^2;x1 x3^3;x2 x3^3;x3^4",TRUE,FALSE,FALSE,2.5151515007019
11,"snr",3.69897000433602,5000,Inf,55,5,"x1;x3;x1^2;x2^2;x1 x3;x2 x3;x3^2;x1^3;x1^2 x2;x2^3;x1^2 x3;x1 x2 x3;x2^2 x3;x2 x3^2;x3^3;x1^2 x2^2;x1^3 x3;x1 x2^2 x3;x1 x3^3;x3^4",TRUE,FALSE,TRUE,2.19758868217468
12,"snr",3.69897000433602,5000,1,55,5,"x1 x2 x3;x2^2 x3;x1 x2^3;x2^2 x3^2;x1^3 x2^2;x1 x2^4;x1 x2^3 x3;x1 x2^2 x3^2;x2^2 x3^3",FALSE,FALSE,FALSE,2.76973295211792
12,"snr",3.69897000433602,5000,5,55,5,"x1^2 x2 x3^2",FALSE,FALSE,FALSE,2.59219121932983
12,"snr",3.69897000433602,5000,10,34,4,"x3;x1^2;x2^2;x1^2 x3;x2^2 x3;x3^3;x1^2 x2^2;x1^2 x2 x3",TRUE,FALSE,FALSE,2.33547472953796
12,"snr",3.69897000433602,5000,15,55,5,"x3;x1^2;x2^2;x2^4;x1^3 x3;x1^2 x2 x3;x1^2 x3^2;x2^2 x3^2;x3^4;x1^5;x1^3 x2^2;x1^2 x2^2 x3",TRUE,FALSE,FALSE,2.71067047119141
12,"snr",3.69897000433602,5000,20,55,5,"x3;x1^2;x2^2;x1^4;x1^2 x3^2;x1 x2 x3^2;x2^2 x3^2;x3^4;x1 x2 x3^3",TRUE,FALSE,FALSE,2.69243311882019
12,"snr",3.69897000433602,5000,25,55,5,"x3;x1^2;x2^2;x1^2 x3^2;x2^2 x3^2;x3^4",TRUE,FALSE,FALSE,2.77717995643616
12,"snr",3.69897000433602,5000,30,34,4,"x3;x1^2;x2^2;x2 x3;x1^2 x3;x2^2 x3;x3^3;x1^2 x2^2",TRUE,FALSE,FALSE,2.62204170227051
12,"snr",3.69897000433602,5000,35,34,4,"x3;x1^2;x2^2;x2 x3;x1^2 x3;x2^2 x3;x3^3;x1^3 x3",TRUE,FALSE,TRUE,2.54977679252625
12,"snr",3.69897000433602,5000,40,55,5,"x3;x1^2;x2^2;x1 x3;x3^2;x1^3;x1^2 x2;x2^2 x3;x3^3;x1^3 x2;x1^2 x2^2;x1^2 x2 x3;x1 x2^2 x3;x1^2 x3^2;x2^2 x3^2;x3^4;x1^4 x3;x1^2 x2^2 x3;x1^3 x3^2;x1^2 x2 x3^2;x1^2 x3^3;x2^2 x3^3",TRUE,FALSE,FALSE,2.96641540527344
12,"snr",3.69897000433602,5000,45,55,5,"x3;x1^2;x1 x2;x2^2;x1 x3;x2 x3;x3^2;x1^3;x1^2 x2;x1 x2^2;x1^2 x3;x1 x2 x3;x2^2 x3;x2 x3^2;x3^3;x1^2 x2 x3;x1 x2^2 x3;x2^3 x3;x1^2 x3^2;x1 x2 x3^2;x2^2 x3^2;x1 x3^3;x2 x3^3;x3^4;x1^4 x2;x1^2 x2^3;x1 x2^4;x1^4 x3;x1^2 x2^2 x3;x2^4 x3;x1^3 x3^2;x1 x2^2 x3^2;x1^2 x3^3;x2^2 x3^3",TRUE,FALSE,FALSE,3.14663338661194
12,"snr",3.69897000433602,5000,50,34,4,"x3;x1^2;x2^2;x2 x3;x1^2 x3;x1 x2 x3;x2^2 x3;x3^3;x1^2 x2^2;x2^4;x1^3 x3;x1^2 x2 x3;x2 x3^3",TRUE,FALSE,TRUE,2.58452081680298
12,"snr",3.69897000433602,5000,55,34,4,"x3;x1^2;x2^2;x2 x3;x3^2;x1^2 x3;x2^2 x3;x1 x3^2;x3^3;x1^2 x2^2;x2^4;x1^3 x3;x1^2 x2 x3;x2^3 x3;x1^2 x3^2;x2 x3^3",TRUE,FALSE,TRUE,2.66804814338684
12,"snr",3.69897000433602,5000,60,34,4,"x3;x1^2;x2^2;x1 x3;x2 x3;x3^2;x1 x2^2;x2^3;x1^2 x3;x2^2 x3;x1 x3^2;x3^3;x1^2 x2^2;x2^4;x1^3 x3;x1^2 x2 x3;x2^3 x3;x1^2 x3^2;x1 x3^3;x2 x3^3",TRUE,FALSE,TRUE,2.67335963249207
12,"snr",3.69897000433602,5000,Inf,55,5,"x2;x3;x1^2;x1 x2;x2^2;x1 x3;x3^2;x1^3;x1^2 x2;x1 x2^2;x2^3;x2^2 x3;x2 x3^2;x3^3;x1^4;x1^3 x2;x1^2 x2^2;x2^4;x1^3 x3;x1^2 x2 x3;x1 x2^2 x3;x2^3 x3;x1^2 x3^2;x1 x2 x3^2;x2^2 x3^2;x1 x3^3;x2 x3^3;x3^4;x1^5;x1^4 x2;x1^3 x2^2;x1^2 x2^3;x2^5;x1^4 x3;x1^2 x2^2 x3;x2^4 x3;x1^3 x3^2;x1^2 x2 x3^2;x1 x2^2 x3^2;x1^2 x3^3;x2^2 x3^3;x1 x3^4",TRUE,FALSE,FALSE,2.6287088394165
13,"snr",3.69897000433602,5000,1,55,5,"x1^2 x2^2 x3",FALSE,FALSE,FALSE,2.6407036781311
13,"snr",3.69897000433602,5000,5,34,4,"x2^2 x3;x1^2 x2^2;x1 x2^2 x3;x1^2 x3^2",TRUE,FALSE,FALSE,2.28318190574646
13,"snr",3.69897000433602,5000,10,55,5,"x3;x2^2;x3^2;x1^2 x2;x1^2 x3;x2^2 x3;x1^4;x1^3 x2;x1^3 x2^2;x1^2 x2^3",TRUE,FALSE,FALSE,2.68697023391724
13,"snr",3.69897000433602,5000,15,55,5,"x3;x2^2;x1^4;x1^2 x2^2;x1^2 x3^2;x2^2 x3^2;x1 x3^3;x3^4;x1^2 x2^3;x1^3 x2 x3;x1^3 x3^2",TRUE,FALSE,FALSE,2.65648007392883
13,"snr",3.69897000433602,5000,20,55,5,"x3;x1^2;x2^2;x1^2 x2^2;x1^2 x3^2;x2^2 x3^2;x3^4",TRUE,FALSE,FALSE,2.68604731559753
13,"snr",3.69897000433602,5000,25,34,4,"x3;x1^2;x2^2;x2^2 x3;x3^3;x1^4;x1^2 x2^2;x1^2 x3^2",TRUE,FALSE,FALSE,2.27455306053162
13,"snr",3.69897000433602,5000,30,34,4,"x3;x1^2;x2^2;x1^2 x3;x2^2 x3;x3^3",TRUE,FALSE,FALSE,2.42451357841492
13,"snr",3.69897000433602,5000,35,34,4,"x3;x1^2;x2^2;x1 x3;x1^2 x3;x2^2 x3;x2 x3^2;x3^3;x1^2 x2^2;x2^4;x1^3 x3;x1^2 x2 x3;x1 x2^2 x3;x2^2 x3^2",TRUE,FALSE,TRUE,2.5332658290863
13,"snr",3.69897000433602,5000,40,55,5,"x3;x1^2;x2^2;x3^2;x1^3;x1^2 x2;x1 x2^2;x1 x2 x3;x2^2 x3;x2 x3^2;x3^3;x1^4;x1^2 x2^2;x1^3 x3;x1^2 x2 x3;x1^2 x3^2;x1 x2 x3^2;x2^2 x3^2;x1^4 x2;x1^3 x2^2;x1^2 x2^3;x1^4 x3;x1^3 x2 x3;x1^2 x2^2 x3;x1^3 x3^2;x1^2 x2 x3^2;x1^2 x3^3;x2^2 x3^3",TRUE,FALSE,FALSE,2.90238165855408
13,"snr",3.69897000433602,5000,45,34,4,"x3;x1^2;x2^2;x1^2 x3;x2^2 x3;x2 x3^2;x3^3;x1^2 x2^2;x2^4;x1^3 x3;x1^2 x2 x3;x2^2 x3^2",TRUE,FALSE,TRUE,2.5420708656311
13,"snr",3.69897000433602,5000,50,34,4,"x3;x1^2;x2^2;x1^2 x3;x2^2 x3;x3^3;x1^3 x3;x2^2 x3^2",TRUE,FALSE,TRUE,2.45802998542786
13,"snr",3.69897000433602,5000,55,34,4,"x3;x1^2;x2^2;x1^2 x3;x2^2 x3;x2 x3^2;x3^3;x1^3 x3;x2^2 x3^2",TRUE,FALSE,TRUE,2.56861352920532
13,"snr",3.69897000433602,5000,60,34,4,"x3;x1^2;x2^2;x1^2 x3;x2^2 x3;x2 x3^2;x3^3;x1^3 x3;x2^2 x3^2",TRUE,FALSE,TRUE,2.55145168304443
13,"snr",3.69897000433602,5000,Inf,55,5,"x2;x3;x1^2;x1 x2;x2^2;x1 x3;x3^2;x1^3;x1^2 x2;x1 x2^2;x2^3;x1^2 x3;x1 x2 x3;x2^2 x3;x2 x3^2;x3^3;x1^2 x2^2;x2^4;x1^3 x3;x1^2 x2 x3;x1 x2^2 x3;x2^3 x3;x1^2 x3^2;x1 x2 x3^2;x2^2 x3^2;x1 x3^3;x2 x3^3;x3^4;x1^5;x1^4 x2;x1^3 x2^2;x1^2 x2^3;x1 x2^4;x2^5;x1^4 x3;x1^3 x2 x3;x1^2 x2^2 x3;x1 x2^3 x3;x2^4 x3;x1^3 x3^2;x1^2 x2 x3^2;x1 x2^2 x3^2;x2^3 x3^2;x1^2 x3^3;x2^2 x3^3",TRUE,FALSE,TRUE,2.67139863967896
14,"snr",3.69897000433602,5000,1,55,5,"x1 x2;x1^2 x3;x2^2 x3;x1 x2^3;x1^2 x2^3;x1 x2^3 x3",FALSE,FALSE,FALSE,2.74330568313599
14,"snr",3.69897000433602,5000,5,55,5,"x1^2;x2^2;x1^2 x3^2;x1 x2^4",TRUE,FALSE,FALSE,2.61855292320251
14,"snr",3.69897000433602,5000,10,9,2,"x3;x1^2;x2^2;x3^2",TRUE,FALSE,FALSE,2.27399134635925
14,"snr",3.69897000433602,5000,15,55,5,"x3;x1^2;x2^2;x1 x2^2;x3^3;x1^4;x1^2 x2^2;x1^2 x2 x3;x1^2 x3^2;x2^2 x3^2;x1 x2^4",TRUE,FALSE,FALSE,2.69755840301514
14,"snr",3.69897000433602,5000,20,55,5,"x3;x1^2;x2^2;x1 x3;x1^2 x3;x3^3;x1^2 x2^2;x2^2 x3^2",TRUE,FALSE,FALSE,2.85170984268188
14,"snr",3.69897000433602,5000,25,55,5,"x3;x1^2;x2^2;x3^3;x1^2 x3^2;x2^2 x3^2;x1^2 x2^2 x3",TRUE,FALSE,FALSE,2.77250099182129
14,"snr",3.69897000433602,5000,30,55,5,"x3;x1^2;x2^2;x3^3;x1^4;x1^2 x2^2;x2^4;x1^3 x3;x1^2 x3^2;x2^2 x3^2;x1^3 x2^2;x1^4 x3;x1^2 x2^2 x3",TRUE,FALSE,FALSE,2.75919413566589
14,"snr",3.69897000433602,5000,35,55,5,"x3;x1^2;x2^2;x3^3;x1^4;x1^2 x2^2;x2^4;x1^3 x3;x1^2 x3^2;x2^2 x3^2;x1^4 x2;x1^4 x3;x1^2 x2^2 x3;x2^4 x3",TRUE,FALSE,FALSE,2.84354043006897
14,"snr",3.69897000433602,5000,40,34,4,"x3;x1^2;x2^2;x1^2 x3;x3^3;x1^2 x2^2;x2^4;x1^3 x3;x2^2 x3^2",TRUE,FALSE,FALSE,2.68673515319824
14,"snr",3.69897000433602,5000,45,34,4,"x3;x1^2;x2^2;x2 x3;x1^2 x3;x2 x3^2;x3^3;x1^2 x2^2;x2^4;x1^3 x3;x1 x2^2 x3;x2^2 x3^2",TRUE,FALSE,FALSE,2.54536747932434
14,"snr",3.69897000433602,5000,50,34,4,"x3;x1^2;x2^2;x2 x3;x1^2 x3;x2 x3^2;x3^3;x1^2 x2^2;x2^4;x1^3 x3;x1 x2^2 x3;x2^2 x3^2",TRUE,FALSE,FALSE,2.57467794418335
14,"snr",3.69897000433602,5000,55,34,4,"x2;x3;x1^2;x1 x2;x2^2;x2 x3;x3^2;x1 x2^2;x2^3;x1^2 x3;x1 x2 x3;x2^2 x3;x1 x3^2;x2 x3^2;x3^3;x1^2 x2^2;x1 x2^3;x2^4;x1^3 x3;x1^2 x2 x3;x1 x2^2 x3;x1^2 x3^2;x2^2 x3^2",TRUE,FALSE,TRUE,2.71191453933716
14,"snr",3.69897000433602,5000,60,34,4,"x2;x3;x1^2;x2^2;x1 x3;x2 x3;x3^2;x2^3;x1^2 x3;x2 x3^2;x3^3;x1^2 x2^2;x2^4;x1^3 x3;x2^3 x3;x1^2 x3^2;x2^2 x3^2",TRUE,FALSE,FALSE,2.69447636604309
14,"snr",3.69897000433602,5000,Inf,55,5,"x3;x1^2;x2^2;x1 x3;x3^2;x1^3;x1^2 x2;x1^2 x3;x3^3;x1^4;x1^2 x2^2;x2^4;x1^3 x3;x1^2 x2 x3;x1 x2^2 x3;x2^3 x3;x1^2 x3^2;x2^2 x3^2;x1 x3^3;x2 x3^3;x1^4 x2;x1^2 x2^3;x2^5;x1^4 x3;x1^2 x2^2 x3;x1 x2^3 x3;x2^4 x3;x1^2 x3^3;x2^2 x3^3",TRUE,FALSE,FALSE,2.34112477302551
15,"snr",3.69897000433602,5000,1,34,4,"x1^2",TRUE,FALSE,FALSE,2.38200807571411
15,"snr",3.69897000433602,5000,5,55,5,"x1^2;x1 x2;x2^2;x1 x2 x3;x1^2 x2^2;x1^2 x2 x3;x1 x2 x3^2;x1^3 x2 x3;x1^2 x2 x3^2",FALSE,FALSE,FALSE,2.71957635879517
15,"snr",3.69897000433602,5000,10,9,2,"x3;x1^2;x2^2;x3^2",TRUE,FALSE,FALSE,2.19294762611389
15,"snr",3.69897000433602,5000,15,55,5,"x3;x1^2;x2^2 x3;x1^4;x1^2 x2^2;x2^4;x1^3 x3;x1 x2^2 x3;x1^2 x3^2;x3^4",TRUE,FALSE,FALSE,2.74218654632568
15,"snr",3.69897000433602,5000,20,55,5,"x3;x1^2;x2^2;x2^2 x3;x1^2 x3^2;x3^4;x1^2 x2^2 x3",TRUE,FALSE,FALSE,2.84672522544861
15,"snr",3.69897000433602,5000,25,55,5,"x3;x1^2;x2^2;x3^3;x1^2 x3^2;x2^2 x3^2;x1^3 x2^2",TRUE,FALSE,FALSE,2.80742883682251
15,"snr",3.69897000433602,5000,30,55,5,"x3;x1^2;x2^2;x3^3;x1^2 x2^2;x2^4;x1^3 x3;x1^2 x2 x3;x1^2 x3^2;x2^2 x3^2;x3^4;x1^4 x2;x1^2 x2^3;x1^4 x3;x2^4 x3",TRUE,FALSE,FALSE,3.04039263725281
15,"snr",3.69897000433602,5000,35,55,5,"x3;x1^2;x2^2;x3^3;x2^4;x1^3 x3;x1^2 x3^2;x2^2 x3^2;x3^4;x1^4 x3;x1^2 x2^2 x3;x2^4 x3",TRUE,FALSE,FALSE,2.91648936271667
15,"snr",3.69897000433602,5000,40,34,4,"x3;x1^2;x2^2;x3^2;x1^2 x3;x2^2 x3;x3^3;x1^2 x2^2;x2^4;x1^3 x3;x2^2 x3^2;x3^4",TRUE,FALSE,TRUE,2.63666725158691
15,"snr",3.69897000433602,5000,45,34,4,"x3;x1^2;x2^2;x3^2;x1^2 x3;x2^2 x3;x3^3;x1^3 x3;x3^4",TRUE,FALSE,TRUE,2.60100173950195
15,"snr",3.69897000433602,5000,50,34,4,"x3;x1^2;x2^2;x3^2;x1^2 x3;x2^2 x3;x3^3;x1^2 x2^2;x2^4;x1^3 x3;x2^2 x3^2;x3^4",TRUE,FALSE,TRUE,2.68284106254578
15,"snr",3.69897000433602,5000,55,55,5,"x2;x3;x1^2;x2^2;x3^2;x2^3;x1 x2 x3;x2^2 x3;x1 x3^2;x3^3;x1^4;x1^3 x2;x1^2 x2^2;x1 x2^3;x2^4;x1^3 x3;x1 x2^2 x3;x1^2 x3^2;x2^2 x3^2;x3^4;x1^2 x2^3;x1^4 x3;x1^2 x2^2 x3;x2^4 x3",TRUE,FALSE,FALSE,3.04994463920593
15,"snr",3.69897000433602,5000,60,34,4,"x3;x1^2;x2^2;x1 x3;x1^3;x1^2 x3;x2^2 x3;x3^3;x1^4;x1^2 x2^2;x2^4;x1^3 x3;x1^2 x3^2;x2^2 x3^2",TRUE,FALSE,TRUE,2.61232733726501
15,"snr",3.69897000433602,5000,Inf,55,5,"x2;x3;x1^2;x2^2;x3^2;x1 x2 x3;x1 x3^2;x2 x3^2;x3^3;x1^4;x1^3 x2;x1^2 x2^2;x2^4;x1^3 x3;x1^2 x3^2;x2^2 x3^2;x3^4;x1^4 x3;x1^2 x2^2 x3;x2^4 x3;x2^2 x3^3",TRUE,FALSE,FALSE,2.29612159729004
16,"snr",3.69897000433602,5000,1,34,4,"x1 x2^2;x1 x2^2 x3",FALSE,FALSE,FALSE,2.30209851264954
16,"snr",3.69897000433602,5000,5,9,2,"x1^2;x2^2",TRUE,FALSE,FALSE,2.13051199913025
16,"snr",3.69897000433602,5000,10,55,5,"x3;x1^2;x2^2;x1^2 x2;x1^2 x3;x1 x2^3;x1^3 x2^2;x1^2 x2^3;x2^4 x3",TRUE,FALSE,FALSE,2.80102062225342
16,"snr",3.69897000433602,5000,15,55,5,"x1;x3;x2^2;x1 x3;x2^3;x1^2 x3;x2^2 x3;x3^3;x1^4;x1^3 x2;x1^2 x2 x3;x1 x2^2 x3;x2^3 x3;x1^3 x2^2;x1 x2^4;x2^5;x1^4 x3;x1^3 x2 x3;x1^2 x2^2 x3;x1^2 x2 x3^2;x1 x2^2 x3^2;x2^2 x3^3",TRUE,FALSE,FALSE,2.81856966018677
16,"snr",3.69897000433602,5000,20,34,4,"x3;x1^2;x2^2;x1^2 x3;x2^2 x3;x3^3;x1^2 x2 x3",TRUE,FALSE,FALSE,2.49639892578125
16,"snr",3.69897000433602,5000,25,34,4,"x3;x1^2;x2^2;x1^2 x3;x2^2 x3;x3^3",TRUE,FALSE,FALSE,2.48836231231689
16,"snr",3.69897000433602,5000,30,34,4,"x3;x1^2;x2^2;x3^3;x1^4;x1^2 x2^2;x1^2 x3^2;x2^2 x3^2",TRUE,FALSE,FALSE,2.52332901954651
16,"snr",3.69897000433602,5000,35,55,5,"x3;x1^2;x2^2;x1 x3;x3^3;x1^4;x1^2 x2^2;x2^4;x2^3 x3;x1^2 x3^2;x2^2 x3^2;x1^3 x2^2;x1^4 x3;x1^2 x2^2 x3;x2^4 x3",TRUE,FALSE,FALSE,2.85953664779663
16,"snr",3.69897000433602,5000,40,55,5,"x3;x1^2;x2^2;x3^3;x1^4;x1^2 x2^2;x2^4;x1^3 x3;x2^3 x3;x1^2 x3^2;x2^2 x3^2;x1^2 x2^2 x3;x2^4 x3",TRUE,FALSE,FALSE,2.92647981643677
16,"snr",3.69897000433602,5000,45,34,4,"x3;x1^2;x2^2;x1^2 x2;x1^2 x3;x2^2 x3;x3^3;x1^4;x1^2 x2^2;x1^3 x3;x1^2 x2 x3;x1^2 x3^2",TRUE,FALSE,TRUE,2.64518547058105
16,"snr",3.69897000433602,5000,50,55,5,"x3;x1^2;x2^2;x2 x3;x3^2;x1^2 x2;x1 x2^2;x1^2 x3;x2^2 x3;x3^3;x1^4;x1^2 x2^2;x1 x2^3;x2^4;x1^3 x3;x1^2 x2 x3;x1 x2^2 x3;x2^3 x3;x1^2 x3^2;x1 x2 x3^2;x2^2 x3^2;x1^4 x2;x1^2 x2^3;x1 x2^4;x1^4 x3;x1^2 x2^2 x3;x2^4 x3;x1^3 x3^2;x1^2 x2 x3^2;x2^3 x3^2;x2^2 x3^3",TRUE,FALSE,TRUE,3.02260851860046
16,"snr",3.69897000433602,5000,55,55,5,"x3;x1^2;x1 x2;x2^2;x2 x3;x3^2;x1^2 x2;x1 x2^2;x1^2 x3;x2^2 x3;x3^3;x1^4;x1^2 x2^2;x1 x2^3;x2^4;x1^3 x3;x1^2 x2 x3;x2^3 x3;x1^2 x3^2;x1 x2 x3^2;x2^2 x3^2;x1^3 x2^2;x1^2 x2^3;x1^4 x3;x1^2 x2^2 x3;x2^4 x3;x1^3 x3^2;x1^2 x2 x3^2;x2^3 x3^2;x2^2 x3^3",TRUE,FALSE,TRUE,3.07161593437195
16,"snr",3.69897000433602,5000,60,55,5,"x3;x1^2;x1 x2;x2^2;x1 x2^2;x1^2 x3;x2^2 x3;x3^3;x1^4;x1^2 x2^2;x1 x2^3;x2^4;x1^3 x3;x1^2 x2 x3;x2^3 x3;x1^2 x3^2;x2^2 x3^2;x1^3 x2^2;x1^4 x3;x1^2 x2^2 x3;x2^4 x3;x2^2 x3^3",TRUE,FALSE,TRUE,2.93761610984802
16,"snr",3.69897000433602,5000,Inf,55,5,"x3;x1^2;x1 x2;x2^2;x1^2 x3;x3^3;x1^4;x1^2 x2^2;x1 x2^3;x2^4;x1^3 x3;x1^2 x2 x3;x2^3 x3;x1^2 x3^2;x2^2 x3^2;x1^3 x2^2;x1^4 x3;x1^2 x2^2 x3;x2^4 x3",TRUE,FALSE,FALSE,2.32529044151306
17,"snr",3.69897000433602,5000,1,34,4,"x1^3 x2",FALSE,FALSE,FALSE,2.17267489433289
17,"snr",3.69897000433602,5000,5,55,5,"x1^2 x2^2",FALSE,FALSE,FALSE,2.60432481765747
17,"snr",3.69897000433602,5000,10,55,5,"x3;x1^2;x1 x2;x2^2;x3^2;x1^2 x2;x1^3 x2;x1^3 x2^2;x1^2 x2^2 x3",TRUE,FALSE,FALSE,2.61420464515686
17,"snr",3.69897000433602,5000,15,55,5,"x3;x2^2;x1 x3;x2^3;x1^4;x1^2 x2^2;x1^2 x3^2;x2^2 x3^2;x3^4;x1^2 x2^3;x1^2 x2 x3^2",TRUE,FALSE,FALSE,2.51096630096436
17,"snr",3.69897000433602,5000,20,55,5,"x3;x1^2;x2^2;x1^2 x2^2;x2^4;x1^2 x3^2;x2^2 x3^2;x3^4",TRUE,FALSE,FALSE,2.56856369972229
17,"snr",3.69897000433602,5000,25,34,4,"x3;x1^2;x2^2;x2^2 x3;x3^3",TRUE,FALSE,FALSE,2.24340653419495
17,"snr",3.69897000433602,5000,30,55,5,"x3;x1^2;x2^2;x1^2 x3;x2^2 x3;x3^3;x1^2 x2^2;x1^2 x2^2 x3",TRUE,FALSE,FALSE,2.69990348815918
17,"snr",3.69897000433602,5000,35,55,5,"x3;x1^2;x2^2;x2 x3;x1 x2^2;x1^2 x3;x1 x2 x3;x2^2 x3;x1 x3^2;x3^3;x1^4;x1^3 x2;x1^2 x2^2;x1^2 x2 x3;x1 x2^2 x3;x1^2 x3^2;x2^2 x3^2;x1 x3^3;x3^4;x1^4 x2;x1^3 x2^2;x1 x2^4;x1^2 x2^2 x3;x1^3 x3^2;x1^2 x2 x3^2;x1 x2^2 x3^2;x1^2 x3^3",TRUE,FALSE,FALSE,2.78103590011597
17,"snr",3.69897000433602,5000,40,34,4,"x3;x1^2;x2^2;x1^2 x3;x2^2 x3;x3^3;x1^4;x1^2 x2^2;x1^3 x3;x1^2 x3^2",TRUE,FALSE,TRUE,2.54677152633667
17,"snr",3.69897000433602,5000,45,34,4,"x3;x1^2;x2^2;x1^2 x3;x2^2 x3;x3^3;x1^3 x3",TRUE,TRUE,TRUE,2.43051528930664
17,"snr",3.69897000433602,5000,50,34,4,"x3;x1^2;x2^2;x1^2 x3;x1 x2 x3;x2^2 x3;x3^3;x1^3 x3",TRUE,FALSE,TRUE,2.58771586418152
17,"snr",3.69897000433602,5000,55,34,4,"x3;x1^2;x2^2;x1^2 x3;x2^2 x3;x3^3;x1^3 x3",TRUE,TRUE,TRUE,2.46325373649597
17,"snr",3.69897000433602,5000,60,34,4,"x3;x1^2;x2^2;x1^2 x3;x2^2 x3;x3^3;x1^3 x3",TRUE,TRUE,TRUE,2.47767472267151
17,"snr",3.69897000433602,5000,Inf,55,5,"x3;x1^2;x2^2;x1 x3;x2 x3;x1^3;x1 x2^2;x2^3;x1^2 x3;x1 x2 x3;x2^2 x3;x1 x3^2;x2 x3^2;x3^3;x1^4;x1^2 x2^2;x2^4;x1^3 x3;x1^2 x2 x3;x1 x2^2 x3;x2^3 x3;x1^2 x3^2;x2^2 x3^2;x1 x3^3;x2 x3^3;x3^4;x1^4 x3;x1^3 x3^2;x2^3 x3^2;x1^2 x3^3",TRUE,FALSE,TRUE,2.33311414718628
18,"snr",3.69897000433602,5000,1,55,5,"",TRUE,FALSE,FALSE,2.60855793952942
18,"snr",3.69897000433602,5000,5,55,5,"x1 x2 x3;x1^2 x2^2;x1^2 x2^3;x1^3 x2 x3;x1 x2^3 x3",FALSE,FALSE,FALSE,2.62186765670776
18,"snr",3.69897000433602,5000,10,34,4,"x1^2 x2^2",FALSE,FALSE,FALSE,2.24995064735413
18,"snr",3.69897000433602,5000,15,19,3,"x3;x1^2;x2^2;x3^2;x1^2 x3;x3^3",TRUE,FALSE,FALSE,2.26649856567383
18,"snr",3.69897000433602,5000,20,55,5,"x3;x1^2;x2^2;x1^2 x2^2;x1^2 x3^2;x2^2 x3^2;x3^4",TRUE,FALSE,FALSE,2.56010389328003
18,"snr",3.69897000433602,5000,25,55,5,"x3;x1^2;x2^2;x2^2 x3;x1^2 x3^2;x3^4;x1^3 x2^2",TRUE,FALSE,FALSE,2.56371378898621
18,"snr",3.69897000433602,5000,30,55,5,"x3;x1^2;x2^2;x1^2 x3;x3^3;x1 x2^2 x3",TRUE,FALSE,FALSE,2.78509521484375
18,"snr",3.69897000433602,5000,35,55,5,"x3;x1^2;x2^2;x1 x3;x1^2 x3;x1 x3^2;x3^3;x1^2 x2^2;x2^4;x1^2 x2 x3;x1 x2^2 x3;x1^2 x3^2;x2^2 x3^2;x1 x3^3;x3^4;x1^5;x1 x2^4;x1^2 x2^2 x3;x1 x2^2 x3^2",TRUE,FALSE,FALSE,2.78242444992065
18,"snr",3.69897000433602,5000,40,34,4,"x3;x1^2;x2^2;x1^2 x3;x2^2 x3;x3^3;x1^3 x3;x2^2 x3^2",TRUE,FALSE,TRUE,2.53762745857239
18,"snr",3.69897000433602,5000,45,34,4,"x3;x1^2;x2^2;x1^2 x3;x2^2 x3;x3^3;x1^2 x2^2;x2^4;x1^3 x3;x1^2 x3^2;x2^2 x3^2",TRUE,FALSE,TRUE,2.53247356414795
18,"snr",3.69897000433602,5000,50,34,4,"x3;x1^2;x2^2;x1^2 x3;x2^2 x3;x3^3;x1^2 x2^2;x2^4;x1^3 x3;x2^2 x3^2",TRUE,FALSE,TRUE,2.58697724342346
18,"snr",3.69897000433602,5000,55,34,4,"x3;x1^2;x2^2;x1^2 x3;x2^2 x3;x3^3;x1^2 x2^2;x2^4;x1^3 x3;x2^2 x3^2",TRUE,FALSE,TRUE,2.58690595626831
18,"snr",3.69897000433602,5000,60,34,4,"x3;x1^2;x2^2;x1^2 x3;x2^2 x3;x3^3;x1^3 x3;x1^2 x3^2",TRUE,FALSE,TRUE,2.51415252685547
18,"snr",3.69897000433602,5000,Inf,34,4,"x3;x1^2;x2^2;x1^2 x3;x2^2 x3;x1 x3^2;x3^3;x1^4;x1^2 x2^2;x2^4;x1^3 x3;x1^2 x3^2;x2^2 x3^2",TRUE,FALSE,TRUE,1.91257929801941
19,"snr",3.69897000433602,5000,1,34,4,"x3;x1^2 x3;x2^2 x3;x1^4;x1^2 x2 x3",TRUE,FALSE,FALSE,2.25398373603821
19,"snr",3.69897000433602,5000,5,55,5,"x1^3;x1^3 x3;x1^5;x1^3 x2^2;x1^2 x2^2 x3",FALSE,FALSE,FALSE,2.65946340560913
19,"snr",3.69897000433602,5000,10,34,4,"x3;x1^2;x1^2 x3;x2^2 x3;x3^3;x1^2 x2^2;x2^4",TRUE,FALSE,FALSE,2.25330018997192
19,"snr",3.69897000433602,5000,15,55,5,"x3;x1^2;x2^2;x3^2;x1^2 x3;x1^2 x2^2;x2^2 x3^2;x1^2 x2^2 x3;x1^3 x3^2",TRUE,FALSE,FALSE,2.67192482948303
19,"snr",3.69897000433602,5000,20,55,5,"x3;x1^2;x2^2;x1^2 x3;x3^3;x1^2 x2^2;x1^2 x2 x3;x2^2 x3^2;x1^4 x2;x1^2 x2 x3^2",TRUE,FALSE,FALSE,2.96462416648865
19,"snr",3.69897000433602,5000,25,55,5,"x3;x1^2;x2^2;x3^3;x1^3 x3;x1^2 x3^2;x2^2 x3^2;x1^2 x2^2 x3",TRUE,FALSE,FALSE,2.64781832695007
19,"snr",3.69897000433602,5000,30,34,4,"x3;x1^2;x2^2;x1 x3;x1^2 x2;x1^2 x3;x2^2 x3;x3^3;x1^2 x2^2;x2^2 x3^2",TRUE,FALSE,FALSE,2.47621631622314
19,"snr",3.69897000433602,5000,35,34,4,"x3;x1^2;x2^2;x1^3;x1^2 x3;x2^2 x3;x3^3;x1^3 x3",TRUE,FALSE,TRUE,2.61795878410339
19,"snr",3.69897000433602,5000,40,34,4,"x3;x1^2;x2^2;x1 x3;x1^2 x3;x2^2 x3;x3^3;x1^4;x1^2 x2^2;x1^3 x3;x1^2 x3^2",TRUE,FALSE,TRUE,2.67011952400208
19,"snr",3.69897000433602,5000,45,34,4,"x3;x1^2;x2^2;x1^2 x3;x2^2 x3;x3^3;x1^3 x3",TRUE,TRUE,TRUE,2.63592123985291
19,"snr",3.69897000433602,5000,50,34,4,"x3;x1^2;x2^2;x1^2 x3;x2^2 x3;x3^3;x1^3 x3",TRUE,TRUE,TRUE,2.54871201515198
19,"snr",3.69897000433602,5000,55,34,4,"x3;x1^2;x2^2;x1^2 x3;x2^2 x3;x3^3;x1^3 x3",TRUE,TRUE,TRUE,2.48138165473938
19,"snr",3.69897000433602,5000,60,34,4,"x3;x1^2;x2^2;x1^2 x3;x2^2 x3;x3^3;x1^3 x3",TRUE,TRUE,TRUE,2.49089503288269
19,"snr",3.69897000433602,5000,Inf,55,5,"x3;x1^2;x2^2;x2 x3;x1^3;x1^2 x3;x1 x2 x3;x2^2 x3;x1 x3^2;x3^3;x1^4;x1^3 x2;x1^2 x2^2;x2^4;x1^3 x3;x1^2 x2 x3;x1 x2^2 x3;x1^2 x3^2;x2^2 x3^2;x2 x3^3;x1^4 x3;x1^2 x2^2 x3;x1^3 x3^2;x2^3 x3^2;x1^2 x3^3",TRUE,FALSE,TRUE,2.40021634101868
0,"n",3.6,3981,49,34,4,"x3;x1^2;x2^2;x3^2;x1^2 x3;x2^2 x3;x3^3;x1^3 x3;x1^2 x3^2;x3^4",TRUE,FALSE,TRUE,2.08169436454773
1,"n",3.6,3981,49,34,4,"x3;x1^2;x2^2;x1^2 x3;x2^2 x3;x3^3;x2^4;x1^3 x3;x2^2 x3^2",TRUE,FALSE,TRUE,2.113849401474
2,"n",3.6,3981,49,55,5,"x1;x3;x1^2;x2^2;x1 x3;x3^2;x1^3;x1^2 x2;x1 x2^2;x1^2 x3;x2^2 x3;x3^3;x1^4;x1^2 x2^2;x2^4;x1 x2^2 x3;x1^2 x3^2;x1 x2 x3^2;x2^2 x3^2;x1 x3^3;x2 x3^3;x3^4;x1^5;x1^4 x2;x1^3 x2^2;x1^2 x2^3;x1^4 x3;x1^3 x2 x3;x1^2 x2^2 x3;x1 x2^3 x3;x2^3 x3^2;x1^2 x3^3;x1 x3^4",TRUE,FALSE,FALSE,2.53076219558716
3,"n",3.6,3981,49,55,5,"x3;x1^2;x2^2;x1^2 x3;x2^2 x3;x3^3;x1^4;x1^3 x3;x1^2 x2 x3;x1^2 x3^2;x2^2 x3^2;x1^2 x2^2 x3;x2^4 x3;x1^2 x2 x3^2",TRUE,FALSE,TRUE,2.47389268875122
4,"n",3.6,3981,49,55,5,"x3;x1^2;x2^2;x1 x3;x3^2;x1^2 x3;x2^2 x3;x3^3;x1^2 x2^2;x2^4;x1^3 x3;x2^2 x3^2;x3^4;x2^4 x3",TRUE,FALSE,TRUE,2.42905378341675
5,"n",3.6,3981,49,34,4,"x1;x3;x1^2;x1 x2;x2^2;x3^2;x1^3;x1^2 x3;x2^2 x3;x1 x3^2;x3^3;x1^3 x2;x1^2 x2^2;x1 x2^2 x3;x1^2 x3^2;x2^2 x3^2;x1 x3^3;x3^4",TRUE,FALSE,FALSE,2.1909761428833
6,"n",3.6,3981,49,34,4,"x3;x1^2;x2^2;x1^2 x3;x2^2 x3;x3^3;x1^3 x3;x1^2 x3^2;x2^2 x3^2",TRUE,FALSE,TRUE,2.22451519966125
7,"n",3.6,3981,49,55,5,"x3;x1^2;x2^2;x3^2;x1^2 x3;x2^2 x3;x3^3;x1^3 x3;x1^2 x3^2;x2^2 x3^2;x3^4;x1^4 x3;x1^2 x2^2 x3;x2^4 x3",TRUE,FALSE,TRUE,2.34748315811157
8,"n",3.6,3981,49,34,4,"x3;x1^2;x2^2;x1^2 x3;x2^2 x3;x3^3;x1^3 x3",TRUE,TRUE,TRUE,2.22660851478577
9,"n",3.6,3981,49,55,5,"x3;x1^2;x2^2;x1 x3;x2 x3;x3^2;x1^3;x2^2 x3;x2 x3^2;x3^3;x2^4;x1^3 x3;x1^2 x2 x3;x2^3 x3;x1^2 x3^2;x2^2 x3^2;x2 x3^3;x3^4;x1^5;x1^4 x3;x1^2 x2^2 x3;x2^4 x3;x1^3 x3^2;x1^2 x3^3;x2^2 x3^3",TRUE,FALSE,FALSE,2.45354795455933
0,"n",3.4,2512,49,34,4,"x1;x3;x1^2;x2^2;x2 x3;x3^2;x1^3;x1^2 x2;x1 x2^2;x2^3;x1^2 x3;x2^2 x3;x1 x3^2;x2 x3^2;x3^3;x1^2 x2^2;x2^4;x1^3 x3;x1 x2^2 x3;x1^2 x3^2;x2^2 x3^2;x1 x3^3;x2 x3^3;x3^4",TRUE,FALSE,TRUE,1.55679988861084
1,"n",3.4,2512,49,34,4,"x3;x1^2;x2^2;x1^2 x3;x2^2 x3;x3^3;x1^3 x3",TRUE,TRUE,TRUE,1.40764021873474
2,"n",3.4,2512,49,55,5,"x1;x2;x3;x1^2;x2^2;x1 x3;x3^2;x1^3;x1 x2^2;x1^2 x3;x2^2 x3;x3^3;x1^4;x1^2 x2^2;x2^4;x1^3 x3;x1^2 x2 x3;x1 x2^2 x3;x1^2 x3^2;x1 x2 x3^2;x2^2 x3^2;x1 x3^3;x3^4;x1^5;x1^3 x2^2;x1^2 x2^3;x1^4 x3;x1^3 x2 x3;x1^2 x2^2 x3;x1 x3^4",TRUE,FALSE,TRUE,1.64972734451294
3,"n",3.4,2512,49,55,5,"x3;x1^2;x2^2;x1^2 x3;x2^2 x3;x3^3;x1^3 x3",TRUE,TRUE,TRUE,1.56623959541321
4,"n",3.4,2512,49,55,5,"x3;x1^2;x2^2;x3^2;x1^2 x3;x2^2 x3;x3^3;x1^3 x3;x2^2 x3^2;x3^4;x2^4 x3",TRUE,FALSE,TRUE,1.57806611061096
5,"n",3.4,2512,49,34,4,"x1;x3;x1^2;x1 x2;x2^2;x2 x3;x3^2;x1^3;x1^2 x3;x2^2 x3;x1 x3^2;x3^3;x1^4;x1^3 x3;x1 x2^2 x3;x1^2 x3^2;x1 x3^3;x3^4",TRUE,FALSE,TRUE,1.54694294929504
6,"n",3.4,2512,49,55,5,"x3;x1^2;x2^2;x1 x3;x3^2;x1^2 x3;x2^2 x3;x1 x3^2;x3^3;x1^3 x3;x1^2 x3^2;x2^2 x3^2;x3^4;x1^2 x3^3;x2^2 x3^3",TRUE,FALSE,TRUE,1.62658643722534
7,"n",3.4,2512,49,55,5,"x3;x1^2;x2^2;x3^2;x1^2 x3;x2^2 x3;x3^3;x1^3 x3;x3^4",TRUE,FALSE,TRUE,1.59921503067017
8,"n",3.4,2512,49,34,4,"x3;x1^2;x2^2;x1^2 x3;x2^2 x3;x3^3;x1^3 x3",TRUE,TRUE,TRUE,1.390869140625
9,"n",3.4,2512,49,55,5,"x3;x1^2;x2^2;x1 x3;x2 x3;x1^3;x1 x2^2;x2^3;x1 x2 x3;x2^2 x3;x3^3;x1^3 x3;x1^2 x2 x3;x2^3 x3;x1^2 x3^2;x2^2 x3^2;x1 x3^3;x2 x3^3;x3^4;x1^4 x2;x1^3 x2^2;x1^4 x3;x1^3 x2 x3;x1^2 x2^2 x3;x1^2 x2 x3^2;x1^2 x3^3;x2^2 x3^3",TRUE,FALSE,FALSE,1.56289100646973
0,"n",3.2,1585,49,55,5,"x3;x1^2;x2^2;x3^2;x1^2 x3;x2^2 x3;x3^3;x1^2 x2^2;x1^3 x3;x3^4;x1^2 x2^2 x3",TRUE,FALSE,TRUE,1.07029867172241
1,"n",3.2,1585,49,34,4,"x3;x1^2;x2^2;x1 x3;x2 x3;x1^2 x3;x1 x2 x3;x2^2 x3;x1 x3^2;x3^3;x1^2 x2 x3;x2^3 x3;x1 x3^3",TRUE,FALSE,FALSE,0.964848518371582
2,"n",3.2,1585,49,55,5,"x3;x1^2;x2^2;x1^2 x3;x2^2 x3;x3^3;x1^3 x3",TRUE,TRUE,TRUE,1.07684755325317
3,"n",3.2,1585,49,55,5,"x3;x1^2;x2^2;x1^2 x3;x2^2 x3;x3^3;x1^2 x2^2;x1^3 x3;x1 x2^2 x3;x1^2 x3^2;x1^2 x2^2 x3;x1 x2^2 x3^2",TRUE,FALSE,TRUE,1.03229093551636
4,"n",3.2,1585,49,55,5,"x3;x1^2;x2^2;x3^3;x1^4;x1^2 x2^2;x2^4;x1^3 x3;x1^2 x3^2;x2^2 x3^2;x3^4;x1^3 x2^2;x1^3 x2 x3;x1^2 x2^2 x3;x2^4 x3;x1^3 x3^2;x1^2 x2 x3^2;x1 x2^2 x3^2;x2^3 x3^2",TRUE,FALSE,FALSE,1.09882259368896
5,"n",3.2,1585,49,34,4,"x1;x3;x1^2;x2^2;x1 x3;x3^2;x1^3;x1^2 x3;x2^2 x3;x1 x3^2;x3^3;x1^3 x2;x1^2 x2^2;x1^2 x2 x3;x1 x2^2 x3;x2^2 x3^2;x1 x3^3;x3^4",TRUE,FALSE,FALSE,0.96552300453186
6,"n",3.2,1585,49,55,5,"x3;x1^2;x2^2;x3^2;x3^3;x1^3 x3;x1^2 x3^2;x2^2 x3^2",TRUE,FALSE,FALSE,1.07891392707825
7,"n",3.2,1585,49,55,5,"x1;x3;x1^2;x2^2;x2 x3;x3^2;x1 x2^2;x1 x3^2;x2 x3^2;x3^3;x1^4;x1^2 x2^2;x2^4;x1^3 x3;x1 x2^2 x3;x1^2 x3^2;x2^2 x3^2;x1 x3^3;x1^3 x2 x3",TRUE,FALSE,FALSE,1.17018628120422
8,"n",3.2,1585,49,34,4,"x3;x1^2;x2^2;x1^2 x3;x2^2 x3;x3^3;x1^3 x3;x1^2 x3^2",TRUE,FALSE,TRUE,1.04936385154724
9,"n",3.2,1585,49,55,5,"x1;x2;x3;x1^2;x1 x2;x2^2;x1 x3;x2 x3;x1^3;x1^2 x2;x1 x2^2;x2^3;x1^2 x3;x1 x2 x3;x2^2 x3;x1 x3^2;x2 x3^2;x3^3;x1^4;x1^3 x2;x1 x2^3;x1^3 x3;x1^2 x2 x3;x1 x2^2 x3;x2^3 x3;x1^2 x3^2;x1 x2 x3^2;x1 x3^3;x2 x3^3;x3^4;x1^5;x1^4 x2;x1^3 x2^2;x1^2 x2^3;x1 x2^4;x1^4 x3;x1^3 x2 x3;x1^2 x2^2 x3;x1 x2^3 x3;x1^3 x3^2;x1^2 x2 x3^2;x1 x2^2 x3^2;x2^3 x3^2;x1^2 x3^3;x1 x2 x3^3;x1 x3^4;x2 x3^4",TRUE,FALSE,TRUE,1.21719574928284
0,"n",3,1000,49,55,5,"x3;x1^2;x2^2;x3^2;x1^2 x3;x2^2 x3;x3^3;x1^3 x3;x1^2 x3^2;x2^2 x3^2;x3^4;x1^2 x3^3;x3^5",TRUE,FALSE,TRUE,0.737644195556641
1,"n",3,1000,49,55,5,"x1^2;x1 x2;x2^2;x1 x3;x2 x3;x1 x2^2;x2^3;x1^2 x3;x1 x2 x3;x2^2 x3;x1^3 x2;x1^2 x2^2;x1 x2^3;x2^4;x1^3 x3;x1^2 x2 x3;x1 x2^2 x3;x2^3 x3;x1^2 x3^2;x1 x2 x3^2;x2^2 x3^2;x2 x3^3;x3^4;x1^5;x1^4 x2;x1 x2^4;x2^5;x1^4 x3;x1^3 x2 x3;x1^2 x2^2 x3;x1 x2^3 x3;x2^4 x3;x1^3 x3^2;x1^2 x2 x3^2;x1 x2^2 x3^2;x2^3 x3^2;x1^2 x3^3;x1 x2 x3^3;x2^2 x3^3;x1 x3^4;x2 x3^4",TRUE,FALSE,FALSE,0.963073968887329
2,"n",3,1000,49,55,5,"x3;x1^2;x2^2;x3^2;x1^2 x3;x2^2 x3;x3^3;x1^3 x3;x3^4",TRUE,FALSE,TRUE,0.734604358673096
3,"n",3,1000,49,55,5,"x2;x3;x1^2;x2^2;x2 x3;x1^2 x2;x1^2 x3;x2^2 x3;x2 x3^2;x3^3;x1^4;x1^2 x2^2;x1^3 x3;x1^2 x2 x3;x1 x2^2 x3;x1^2 x3^2;x2^2 x3^2;x2 x3^3;x1^4 x2;x1^3 x2^2;x1^2 x2^3;x1^2 x2 x3^2;x2^3 x3^2",TRUE,FALSE,TRUE,0.750733137130737
4,"n",3,1000,49,55,5,"x3;x1^2;x2^2;x3^2;x1^2 x3;x1 x2 x3;x2^2 x3;x1 x3^2;x3^3;x1^3 x3;x1^2 x3^2;x1 x2 x3^2;x2^2 x3^2;x1 x3^3;x3^4;x1^2 x2 x3^2;x2^2 x3^3;x3^5",TRUE,FALSE,TRUE,0.765434265136719
5,"n",3,1000,49,55,5,"x3;x1^2;x2^2;x3^2;x1^3;x1 x2^2;x1^2 x3;x2^2 x3;x2 x3^2;x3^3;x1^4;x1^2 x2 x3;x1 x2^2 x3;x2^3 x3;x1^2 x3^2;x1 x2 x3^2;x1 x3^3;x3^4;x1^3 x2^2;x1^4 x3;x2^2 x3^3",TRUE,FALSE,FALSE,0.676836252212524
6,"n",3,1000,49,55,5,"x3;x1^2;x2^2;x3^2;x1^2 x3;x2^2 x3;x3^3;x1^3 x3;x1^2 x3^2;x2^2 x3^2;x1 x3^3;x3^4;x1^2 x2 x3^2;x1^2 x3^3;x2^2 x3^3;x1 x3^4;x3^5",TRUE,FALSE,TRUE,0.750459671020508
7,"n",3,1000,49,55,5,"x3;x1^2;x2^2;x3^2;x1^2 x3;x2^2 x3;x1 x3^2;x3^3;x1^2 x2^2;x1^3 x3;x1^2 x3^2;x1 x3^3;x3^4;x3^5",TRUE,FALSE,TRUE,0.711349248886108
8,"n",3,1000,49,55,5,"x1;x3;x1^2;x2^2;x2^2 x3;x2 x3^2;x3^3;x1^4;x1^3 x2;x1^2 x2^2;x1 x2^3;x1^3 x3;x1 x2^2 x3;x1^2 x3^2;x3^4;x1^2 x2^3;x1^3 x2 x3;x1^2 x2^2 x3;x1 x2^3 x3;x1^2 x3^3;x1 x2 x3^3;x2^2 x3^3",TRUE,FALSE,FALSE,0.743745565414429
9,"n",3,1000,49,55,5,"x1^2;x1 x2;x2^2;x1 x3;x1^3;x1 x2^2;x2^3;x1 x2 x3;x2^2 x3;x2 x3^2;x1^3 x2;x1^2 x2^2;x1 x2^3;x2^4;x1^3 x3;x1^2 x2 x3;x1 x2^2 x3;x2^3 x3;x1^2 x3^2;x3^4;x1^4 x2;x1^3 x2^2;x1^2 x2^3;x1 x2^4;x1^4 x3;x1^3 x2 x3;x1^2 x2^2 x3;x1 x2^3 x3;x2^4 x3;x1^3 x3^2;x1^2 x2 x3^2;x1 x2^2 x3^2;x2^3 x3^2;x1^2 x3^3;x1 x2 x3^3;x2^2 x3^3;x1 x3^4;x2 x3^4",TRUE,FALSE,FALSE,0.810046195983887
0,"n",2.8,631,49,55,5,"x3;x1^2;x2^2;x3^2;x1^2 x3;x2^2 x3;x1 x3^2;x3^3;x1^3 x3;x2^2 x3^2;x3^4;x1^3 x2 x3;x1^2 x2^2 x3;x1^3 x3^2;x1 x3^4;x3^5",TRUE,FALSE,TRUE,0.543114185333252
1,"n",2.8,631,49,55,5,"x1^2;x1 x2;x2^2;x2 x3;x3^2;x1^3;x1 x2^2;x1^2 x3;x2^2 x3;x2 x3^2;x3^3;x1 x2^3;x1^3 x3;x1^2 x2 x3;x2^3 x3;x1^2 x3^2;x1 x2 x3^2;x2^2 x3^2;x2 x3^3;x1^4 x3;x1^3 x2 x3;x1 x2^3 x3;x1^3 x3^2;x1^2 x2 x3^2;x1 x2^2 x3^2;x2^3 x3^2;x1^2 x3^3;x1 x2 x3^3;x2^2 x3^3;x1 x3^4;x2 x3^4;x3^5",TRUE,FALSE,FALSE,0.549718141555786
2,"n",2.8,631,49,55,5,"x2;x3;x1 x2;x1 x3;x2 x3;x3^2;x2^3;x1 x3^2;x2 x3^2;x3^3;x1^4;x1^3 x2;x1^2 x2^2;x1 x2^3;x2^4;x1^2 x2 x3;x1 x2^2 x3;x2^2 x3^2;x1 x3^3;x3^4;x1^4 x3;x1^3 x3^2;x1^2 x2 x3^2;x1^2 x3^3",TRUE,FALSE,FALSE,0.658269166946411
3,"n",2.8,631,49,55,5,"x2;x3;x1^2;x2^2;x1 x3;x2 x3;x1^3;x1^2 x2;x1^2 x3;x1 x2 x3;x2^2 x3;x2 x3^2;x3^3;x1 x2^2 x3;x1 x2 x3^2;x2^2 x3^2;x1 x3^3;x2 x3^3;x1 x2^3 x3;x1 x2^2 x3^2;x2 x3^4",TRUE,FALSE,FALSE,0.510242700576782
4,"n",2.8,631,49,55,5,"x3;x1^2;x2^2;x1^2 x3;x2^2 x3;x3^3;x1^3 x3",TRUE,TRUE,TRUE,0.517957210540771
5,"n",2.8,631,49,55,5,"x3;x1^2;x2^2;x2 x3;x1^3;x1^2 x2;x2^3;x1^2 x3;x2^2 x3;x1 x3^2;x2 x3^2;x3^3;x1 x2^3;x1 x2^2 x3;x1^2 x3^2;x1 x2 x3^2;x1 x3^3;x3^4;x1^4 x2;x1^2 x2^3;x1 x2^2 x3^2;x2^3 x3^2",TRUE,FALSE,FALSE,0.507988691329956
6,"n",2.8,631,49,55,5,"x3;x1^2;x2^2;x2 x3;x3^2;x1^2 x3;x2^2 x3;x2 x3^2;x3^3;x1^3 x3;x1^2 x2 x3;x2^3 x3;x1^2 x3^2;x2^2 x3^2;x1 x3^3;x3^4;x1^2 x3^3;x2^2 x3^3;x1 x3^4;x2 x3^4;x3^5",TRUE,FALSE,TRUE,0.573430776596069
7,"n",2.8,631,49,55,5,"x2;x3;x1^2;x2^2;x1 x3;x2 x3;x3^2;x1 x2^2;x1^2 x3;x2^2 x3;x1 x3^2;x3^3;x1^3 x2;x1^2 x2 x3;x2^3 x3;x1 x2 x3^2;x1 x3^3;x2 x3^3;x3^4;x1^4 x2;x1^3 x2^2;x1^4 x3;x1^3 x2 x3;x1^2 x2^2 x3;x1 x2^3 x3;x1^2 x2 x3^2;x1 x2^2 x3^2;x1^2 x3^3;x1 x2 x3^3;x1 x3^4",TRUE,FALSE,FALSE,0.557302713394165
8,"n",2.8,631,49,55,5,"x2;x3;x1^2;x2^2;x1 x3;x1^2 x2;x1 x2^2;x1^2 x3;x2^2 x3;x3^3;x1^4;x1^3 x2;x1^2 x2^2;x2^4;x1^2 x2 x3;x1^2 x3^2;x1 x2 x3^2;x2^2 x3^2;x1 x3^3;x3^4;x1^2 x2^3;x1 x2^4;x2^5;x1^3 x2 x3;x1 x2^3 x3;x1 x2^2 x3^2;x2^2 x3^3",TRUE,FALSE,FALSE,0.565093994140625
9,"n",2.8,631,49,55,5,"x1^2;x1 x2;x2^2;x1^3;x1^2 x2;x1 x2^2;x1^2 x3;x1 x2 x3;x2^2 x3;x1^3 x3;x1^2 x2 x3;x1 x2^2 x3;x2^3 x3;x1^2 x3^2;x1 x2 x3^2;x2^2 x3^2;x1 x3^3;x3^4;x1^2 x2^2 x3;x1^3 x3^2;x1^2 x2 x3^2;x1 x2^2 x3^2;x2^3 x3^2;x1^2 x3^3;x1 x2 x3^3;x2^2 x3^3",TRUE,FALSE,FALSE,0.607096195220947
0,"n",2.6,398,49,55,5,"x1^2;x2^2;x1 x3;x2 x3;x3^2;x1^2 x2;x1 x2^2;x1^2 x3;x1 x2 x3;x2^2 x3;x2 x3^2;x3^3;x1^3 x3;x2^3 x3;x1^2 x3^2;x1 x2 x3^2;x1 x3^3;x2 x3^3;x3^4;x1^2 x2^2 x3;x1 x2^2 x3^2;x1^2 x3^3;x1 x2 x3^3;x2 x3^4",TRUE,FALSE,FALSE,0.398913621902466
1,"n",2.6,398,49,55,5,"x1^2;x2^2;x1 x3;x3^2;x1^2 x3;x2^2 x3;x2 x3^2;x3^3;x1^2 x3^2;x1 x3^3;x2 x3^3;x3^4;x1 x2 x3^3;x2^2 x3^3",FALSE,FALSE,FALSE,0.388586044311523
2,"n",2.6,398,49,55,5,"x1;x3;x1 x3;x3^2;x1^2 x2;x2^3;x1^2 x3;x2^2 x3;x1 x3^2;x2 x3^2;x3^3;x1 x2^2 x3;x1^2 x3^2;x1 x2 x3^2;x1 x3^3;x2^4 x3",TRUE,FALSE,FALSE,0.419926166534424
3,"n",2.6,398,49,55,5,"x2 x3;x3^2;x1^3;x1 x3^2;x2 x3^2;x1^2 x2^2;x2^4;x1^3 x3;x1 x2^2 x3;x1^2 x3^2;x2 x3^3;x1^2 x2^2 x3;x1^2 x2 x3^2;x2^3 x3^2",TRUE,FALSE,FALSE,0.405948400497437
4,"n",2.6,398,49,55,5,"x3;x1^2;x2^2;x2 x3;x3^2;x1 x2^2;x2^2 x3;x2 x3^2;x3^3;x1^2 x2 x3;x1^2 x3^2;x2^2 x3^2;x3^4;x1^4 x2;x1^3 x2^2;x1^2 x2^2 x3;x1^3 x3^2;x2^3 x3^2;x3^5",TRUE,FALSE,FALSE,0.404877901077271
5,"n",2.6,398,49,55,5,"x2;x3;x1^2;x1^3;x1 x2^2;x1^2 x3;x1 x3^2;x2 x3^2;x1^4;x1^2 x2^2;x1^2 x2 x3;x1 x2^2 x3;x2^3 x3;x1^2 x3^2;x1 x2 x3^2;x2^2 x3^2;x2 x3^3;x1^3 x2 x3;x1^2 x2^2 x3;x1 x2^3 x3;x2^4 x3;x1^3 x3^2;x1^2 x2 x3^2;x1 x2^2 x3^2;x2^3 x3^2;x2^2 x3^3",TRUE,FALSE,FALSE,0.427533626556396
6,"n",2.6,398,49,55,5,"x3;x3^2;x1^2 x3;x2^2 x3;x1 x3^2;x1^3 x3;x1 x2^2 x3;x1^2 x3^2;x1 x2 x3^2;x2^2 x3^2;x3^4",TRUE,FALSE,FALSE,0.437137365341187
7,"n",2.6,398,49,55,5,"x2;x1^2;x2^2;x1 x3;x3^2;x1 x2^2;x1^2 x3;x1 x2 x3;x2^2 x3;x2 x3^2;x3^3;x1^2 x2^2;x1 x2^2 x3;x1 x3^3;x3^4;x1^4 x3;x1^2 x2^2 x3;x1 x2^3 x3;x1 x3^4;x2 x3^4;x3^5",TRUE,FALSE,FALSE,0.407508611679077
8,"n",2.6,398,49,55,5,"x1;x1 x2;x2^2;x1 x3;x2 x3;x3^2;x1^2 x2;x2^3;x1^2 x3;x2^2 x3;x1 x3^2;x3^3;x1^3 x2;x1^2 x2^2;x1 x2^3;x2^4;x1^3 x3;x1^2 x2 x3;x1^2 x3^2;x1 x2 x3^2;x2^2 x3^2;x1^4 x3;x2^2 x3^3;x1 x3^4;x3^5",TRUE,FALSE,FALSE,0.42937707901001
9,"n",2.6,398,49,55,5,"x1^2;x2 x3;x1^2 x3;x1 x2 x3;x2^2 x3;x2 x3^2;x3^3;x1 x2^2 x3;x1^2 x3^2;x2^2 x3^2;x2 x3^3",TRUE,FALSE,FALSE,0.357941865921021
0,"n",2.4,251,49,55,5,"x1 x3;x2 x3;x3^2;x1^2 x3;x2^2 x3;x2 x3^2;x3^3;x1 x2^2 x3;x1^2 x3^2;x2^2 x3^2;x2 x3^3;x1^2 x2^2 x3;x2 x3^4",TRUE,FALSE,FALSE,0.311793088912964
1,"n",2.4,251,49,55,5,"x3;x1 x3;x2 x3;x3^2;x1 x3^2;x1^2 x2 x3;x1 x2^2 x3;x1^2 x3^2;x2^2 x3^3",TRUE,FALSE,FALSE,0.287253379821777
2,"n",2.4,251,49,55,5,"x1^2;x2 x3;x3^2;x1^2 x2;x1^2 x3;x1 x2 x3;x1 x3^2;x2 x3^2;x3^3;x1^2 x2^2;x1 x2^2 x3;x1^2 x3^2;x2^2 x3^2;x1 x3^3;x2 x3^3;x3^4;x1^2 x2^3;x1^2 x2 x3^2;x1 x2^2 x3^2;x2^3 x3^2;x1^2 x3^3;x1 x2 x3^3;x2^2 x3^3;x1 x3^4;x2 x3^4;x3^5",TRUE,FALSE,FALSE,0.343709945678711
3,"n",2.4,251,49,55,5,"x2;x2 x3;x1^3;x1 x2^2;x1^3 x3;x1 x2^2 x3;x1^2 x3^2;x1 x3^3",TRUE,FALSE,FALSE,0.293625831604004
4,"n",2.4,251,49,55,5,"x3^2;x1 x3^2;x2 x3^2;x3^3;x1^3 x2;x2^4;x1^3 x3;x1^2 x2 x3;x1 x2^2 x3;x1^2 x3^2;x1 x3^3;x2 x3^3;x3^4;x1^5;x1^3 x2^2;x1 x2^4;x1^2 x2^2 x3;x1 x2^3 x3;x1^3 x3^2",TRUE,FALSE,FALSE,0.378604412078857
5,"n",2.4,251,49,55,5,"x3;x1 x2;x1 x3;x1^2 x3;x1 x2 x3;x1^2 x2^2;x1 x2^2 x3;x1^2 x3^2;x1 x2 x3^2;x1 x3^3;x3^4;x1^3 x2^2;x1^3 x2 x3;x1 x2^3 x3;x1^3 x3^2;x1^2 x2 x3^2;x1 x2^2 x3^2;x2^3 x3^2;x1^2 x3^3;x1 x2 x3^3;x2^2 x3^3;x1 x3^4;x2 x3^4;x3^5",TRUE,FALSE,FALSE,0.338317155838013
6,"n",2.4,251,49,55,5,"x2;x1^2;x2 x3;x3^2;x1^2 x3;x2^2 x3;x2 x3^2;x3^3;x1^3 x3;x1^2 x2 x3;x1^2 x3^2;x1 x2 x3^2;x2^2 x3^2;x1 x3^3;x3^4;x2 x3^4",TRUE,FALSE,FALSE,0.32319974899292
7,"n",2.4,251,49,55,5,"x1^2;x2^2;x1 x3;x1^2 x3;x1 x3^2;x2 x3^2;x3^3;x2^2 x3^2",TRUE,FALSE,FALSE,0.320967435836792
8,"n",2.4,251,49,55,5,"x1^2;x2^2;x1 x3;x3^2;x1^2 x3;x2^2 x3;x3^3;x1 x2^2 x3;x1 x3^3;x3^4",TRUE,FALSE,FALSE,0.335236549377441
9,"n",2.4,251,49,55,5,"x3;x3^2;x1^2 x3;x1 x2 x3;x3^3;x1^2 x2 x3;x1^2 x3^2;x2^2 x3^2;x1 x3^3;x3^4;x1^2 x2 x3^2;x1 x2 x3^3",TRUE,FALSE,FALSE,0.315541505813599
0,"n",2.2,158,49,55,5,"x2 x3;x1 x2 x3;x1 x3^2;x2 x3^2;x1^2 x2 x3;x1^2 x3^2;x2^2 x3^2;x1 x3^3;x2 x3^3;x3^4;x1^2 x3^3;x2^2 x3^3;x3^5",TRUE,FALSE,FALSE,0.265492916107178
1,"n",2.2,158,49,55,5,"x2 x3;x3^2;x1^2 x3;x1 x2 x3;x2^2 x3;x3^3;x1^2 x3^2;x1 x2 x3^2;x1^2 x2 x3^2;x2^2 x3^3",TRUE,FALSE,FALSE,0.254922389984131
2,"n",2.2,158,49,55,5,"x3;x1 x3;x2 x3;x3^2;x1^2 x3;x1 x2 x3;x1 x3^2;x3^3;x1^2 x2 x3;x1 x2 x3^2;x1 x3^3;x2 x3^3;x3^4;x1^3 x2 x3;x1^2 x2^2 x3;x1^3 x3^2;x1 x2^2 x3^2;x2^3 x3^2;x2^2 x3^3;x2 x3^4",TRUE,FALSE,FALSE,0.290103435516357
3,"n",2.2,158,49,55,5,"x3;x2 x3;x3^2;x1 x2 x3;x2^2 x3;x2 x3^2;x2^2 x3^2;x3^4",TRUE,FALSE,FALSE,0.265770196914673
4,"n",2.2,158,49,55,5,"x3;x1 x2;x2 x3;x1^2 x2;x1 x2 x3;x2^2 x3;x1 x3^2;x2 x3^2;x1^3 x2;x1^2 x3^2;x1 x3^3;x2 x3^3;x3^4;x1^2 x2^2 x3",TRUE,FALSE,FALSE,0.241724491119385
5,"n",2.2,158,49,55,5,"x3^2;x1 x2^2;x1^2 x3;x2 x3^2;x3^3;x1^3 x3;x1 x2^2 x3;x2^3 x3;x1 x3^3;x2 x3^3;x3^4;x1^2 x2^2 x3;x1 x2^3 x3;x1^2 x2 x3^2;x2^3 x3^2;x1^2 x3^3;x2^2 x3^3;x1 x3^4;x2 x3^4;x3^5",TRUE,FALSE,FALSE,0.280311822891235
6,"n",2.2,158,49,55,5,"x2 x3;x1 x3^2;x2 x3^2;x3^3;x1^2 x2 x3;x1 x2^2 x3;x1 x2 x3^2;x2^2 x3^2;x1 x3^3;x2 x3^3;x3^4",TRUE,FALSE,FALSE,0.260572195053101
7,"n",2.2,158,49,55,5,"x2^2;x1 x3;x2 x3;x1^2 x3;x1 x3^2;x3^3;x1^2 x2 x3;x1 x2^2 x3;x3^4;x1 x2 x3^3",TRUE,FALSE,FALSE,0.267587661743164
8,"n",2.2,158,49,55,5,"x2;x2^2;x2 x3;x1 x2^2;x1 x3^2;x2 x3^2;x3^3;x1^2 x3^2;x1 x2 x3^2;x1 x3^3;x3^4;x1^2 x2^3;x1^3 x2 x3;x1^2 x2 x3^2;x1^2 x3^3;x3^5",TRUE,FALSE,FALSE,0.265799522399902
9,"n",2.2,158,49,55,5,"x2 x3;x3^2;x1 x2 x3;x2 x3^2;x1^2 x3^2;x1 x3^3;x3^4",TRUE,FALSE,FALSE,0.244928359985352
0,"n",2,100,49,55,5,"x1 x3;x3^2;x1 x3^2;x3^3;x1 x3^3;x3^4",TRUE,FALSE,FALSE,0.227122068405151
1,"n",2,100,49,55,5,"x1 x3;x3^2;x1^2 x3;x1 x2 x3;x1 x3^2;x2 x3^2;x3^3;x1 x2^2 x3;x1^2 x3^2;x1 x2 x3^2;x2^2 x3^2;x1 x3^3;x1^2 x2 x3^2;x1 x2^2 x3^2;x1^2 x3^3;x1 x2 x3^3;x1 x3^4",TRUE,FALSE,FALSE,0.22537088394165
2,"n",2,100,49,55,5,"x1 x2;x3^2;x1 x2 x3;x2 x3^2;x3^3;x1 x2 x3^2;x2^2 x3^2;x2 x3^3;x3^4;x1^2 x2^2 x3;x1^2 x2 x3^2;x1 x2^2 x3^2;x2^3 x3^2;x1 x2 x3^3;x2^2 x3^3;x1 x3^4;x2 x3^4;x3^5",TRUE,FALSE,FALSE,0.24993371963501
3,"n",2,100,49,55,5,"x3;x1^2;x1 x3;x2 x3;x1^2 x3;x1 x2 x3;x1 x3^2;x2 x3^2;x1^2 x2 x3;x1 x2^2 x3;x1 x2 x3^2;x2 x3^3;x2^2 x3^3",TRUE,FALSE,FALSE,0.226724863052368
4,"n",2,100,49,55,5,"x1 x3;x2 x3;x3^2;x1 x2 x3;x1 x3^2;x2 x3^2;x3^3;x1 x2^2 x3;x1 x3^3",TRUE,FALSE,FALSE,0.219636678695679
5,"n",2,100,49,55,5,"x3^2;x2^2 x3;x1 x3^2;x2 x3^2;x3^3;x1^2 x2 x3;x2^3 x3;x1^2 x3^2;x1 x2 x3^2;x2^2 x3^2;x1 x3^3;x2 x3^3;x3^4;x1^2 x2^2 x3;x2^3 x3^2;x1^2 x3^3;x2^2 x3^3;x1 x3^4;x2 x3^4;x3^5",TRUE,FALSE,FALSE,0.227235555648804
6,"n",2,100,49,55,5,"x2 x3;x3^2;x2^2 x3;x1 x3^2;x2 x3^2;x3^3;x1 x2^2 x3;x1 x2 x3^2;x2^2 x3^2;x1 x3^3;x2 x3^3;x3^4;x2 x3^4",TRUE,FALSE,FALSE,0.237437009811401
7,"n",2,100,49,55,5,"x3;x1 x3;x2 x3;x3^2;x2^2 x3;x1 x3^2;x2 x3^2;x3^3;x1 x2^2 x3;x2^3 x3;x1 x3^3;x2 x3^3",TRUE,FALSE,FALSE,0.233454465866089
8,"n",2,100,49,55,5,"x3;x2 x3;x1 x2^2;x2 x3^2;x3^3;x1^2 x2 x3;x1^2 x3^3;x1 x2 x3^3",TRUE,FALSE,FALSE,0.214049339294434
9,"n",2,100,49,55,5,"x3^2;x1 x3^2;x2 x3^2;x1^2 x3^2;x1 x2 x3^2",TRUE,FALSE,FALSE,0.205753326416016
