"trial","log10n","n","design","kappa","vif_max","vif_median"
0,2,100,"full",27791417544854980,1e+16,1e+16
0,2,100,"truth",15482.047521041,5087293.63839057,967176.093186121
0,2.2,158,"full",2466545714431792,1e+16,1e+16
0,2.2,158,"truth",431.973532650606,4708.69914391485,1198.71984059974
0,2.4,251,"full",38114140321517.7,1e+16,1e+16
0,2.4,251,"truth",143.367969295802,284.048021965588,136.990183955449
0,2.6,398,"full",316119430577.426,1e+16,9007199254740992
0,2.6,398,"truth",60.7550647106274,59.7347908332578,27.5366459517639
0,2.8,631,"full",515750485.33246,4503599627370496,22803036087951.9
0,2.8,631,"truth",32.1108903110732,25.0439585744972,14.1874920822548
0,3,1000,"full",927033.793643509,19440935472.5897,28956125.9000223
0,3,1000,"truth",22.618083079106,12.9940575126804,8.50309569439383
0,3.2,1585,"full",5211.90637980199,864572.745732189,943.516287705793
0,3.2,1585,"truth",12.6250324837867,7.47169838057012,4.90099467026464
0,3.4,2512,"full",1438.34130481872,74449.2799164178,233.252775972451
0,3.4,2512,"truth",10.7152315417229,7.06434346493313,3.99675190956675
0,3.6,3981,"full",1225.78305867475,56087.1500147373,136.172735088032
0,3.6,3981,"truth",10.33774741463,7.31032076331783,3.69956216031322
0,3.8,6310,"full",1636.51240776839,84043.4611833718,199.275371499563
0,3.8,6310,"truth",10.6606509313517,7.85110972235348,3.53986393033246
0,4,10000,"full",2082.79982481619,125722.739015829,279.944109217697
0,4,10000,"truth",10.7880099242117,8.21531679367413,3.61530791870537
0,4.2,15849,"full",2629.16438537481,189715.990487695,422.351057381064
0,4.2,15849,"truth",10.962628307781,8.49728375500549,3.80737757961534
0,4.4,25119,"full",3356.77876035853,294589.708067454,684.147387419526
0,4.4,25119,"truth",11.287718275628,8.85408672594647,4.00386870449186
0,4.6,39811,"full",4220.85189258095,457975.575472548,1076.66072937879
0,4.6,39811,"truth",11.4931611007371,9.1166013643349,4.08238711705024
0,4.8,63096,"full",5319.40520337074,717203.989870287,1620.36330443055
0,4.8,63096,"truth",11.6919084662383,9.32699792874514,4.17320911317297
0,5,1e+05,"full",6717.64667229016,1130410.06056435,2461.75681767006
0,5,1e+05,"truth",11.8795762553944,9.49222174667959,4.25771076263265
1,2,100,"full",14850978009598936,1e+16,1e+16
1,2,100,"truth",13080.3539299925,6180961.11870039,335528.429740045
1,2.2,158,"full",1082330654395194,1e+16,1e+16
1,2.2,158,"truth",1993.32625209992,156810.463291943,12183.3800703309
1,2.4,251,"full",42968011442533.3,1e+16,1e+16
1,2.4,251,"truth",1933.95670911733,118848.976733464,13699.8328840575
1,2.6,398,"full",1296870872000.32,1e+16,1e+16
1,2.6,398,"truth",380.723100089978,3364.68341650133,421.365971004608
1,2.8,631,"full",70666734920.4484,1e+16,1e+16
1,2.8,631,"truth",12.4135835802696,14.1635189583267,9.56610733233023
1,3,1000,"full",4570568531.98382,1e+16,818836295885545
1,3,1000,"truth",10.7361945767796,14.1364613137828,9.77792514142404
1,3.2,1585,"full",111768.582625928,153204614.392006,12707928.176194
1,3.2,1585,"truth",11.3262667418401,14.2281727409333,2.16135217965654
1,3.4,2512,"full",632.942568294319,15330.5013850024,766.336654568806
1,3.4,2512,"truth",9.17256584234941,8.53735233727084,2.55705963679184
1,3.6,3981,"full",648.533043841435,16802.928892037,612.852229249467
1,3.6,3981,"truth",8.50512460098724,7.17400968938489,2.82070137533676
1,3.8,6310,"full",784.397446112704,21072.8964567494,965.754861869504
1,3.8,6310,"truth",9.08004993899943,7.25075443849833,3.34440165209855
1,4,10000,"full",909.772218227872,27472.450243515,1436.98506471328
1,4,10000,"truth",9.43231857476067,7.41880407591993,3.46806483474833
1,4.2,15849,"full",1085.99479619789,37002.4312670737,2232.03891817814
1,4.2,15849,"truth",9.88965625672078,7.71927992662963,3.71375551020338
1,4.4,25119,"full",1349.08959316573,52639.8849107262,3459.43783883085
1,4.4,25119,"truth",10.4759374673135,8.19462528786122,3.91371859505865
1,4.6,39811,"full",1684.34693741318,76845.4476561636,5268.03774910564
1,4.6,39811,"truth",10.9157639349876,8.59821240176278,4.05675963262245
1,4.8,63096,"full",2108.25279020447,115237.72484926,7692.60763112918
1,4.8,63096,"truth",11.2812477063149,8.94242504713864,4.16125844448444
1,5,1e+05,"full",2646.12964193891,178815.396391426,11217.8689170567
1,5,1e+05,"truth",11.5943409060807,9.21700010036094,4.25096776966665
2,2,100,"full",18704873374499976,1e+16,1e+16
2,2,100,"truth",7538.2908544564,1952882.87068171,29396.4538683327
2,2.2,158,"full",572169206663629,1e+16,1e+16
2,2.2,158,"truth",177.618572858074,2641.79350917824,169.33191036473
2,2.4,251,"full",3400974895941.47,1e+16,1e+16
2,2.4,251,"truth",65.9351459054298,427.310780336307,22.5688984047219
2,2.6,398,"full",218597425702.251,1e+16,1e+16
2,2.6,398,"truth",19.5508030236486,27.546015760479,12.5136830710039
2,2.8,631,"full",444206893.101109,4503599627370496,3726602918800.58
2,2.8,631,"truth",12.2784511984034,9.41225189929273,5.10646437710105
2,3,1000,"full",713747.891532207,9281935256.39503,89282625.2157004
2,3,1000,"truth",13.9532553181611,9.87542486741679,5.23370351067453
2,3.2,1585,"full",4908.0352658797,695598.381616603,1733.37184151135
2,3.2,1585,"truth",10.7898180633082,7.93694888897087,3.76868874072014
2,3.4,2512,"full",2367.2754590162,171967.404160925,456.223509818443
2,3.4,2512,"truth",10.3459422529726,7.96969468214967,3.4118334041748
2,3.6,3981,"full",2624.0318309638,197329.212796751,643.372712906928
2,3.6,3981,"truth",10.5916030208024,8.48561192563014,3.52758187836915
2,3.8,6310,"full",3308.90855312604,296544.519811291,922.786932110608
2,3.8,6310,"truth",11.0149986348204,8.70546869879263,3.76178402097217
2,4,10000,"full",4079.40191137634,434905.801700212,1335.80360251986
2,4,10000,"truth",11.1690144762441,8.84686523814872,3.92837142253099
2,4.2,15849,"full",5126.72222875706,673453.715364269,2014.80554517728
2,4.2,15849,"truth",11.47261756197,9.19695469465432,4.05698843715761
2,4.4,25119,"full",6450.12984719768,1049585.705716,3057.81856089065
2,4.4,25119,"truth",11.7009769861761,9.3631958516088,4.16549163783334
2,4.6,39811,"full",8128.05245308543,1647112.31071642,4759.33529693324
2,4.6,39811,"truth",11.9139725356216,9.54503295990443,4.27056282264543
2,4.8,63096,"full",10192.0947327628,2584022.20183298,7363.82951308363
2,4.8,63096,"truth",12.0081624044359,9.64923612940148,4.28895048069764
2,5,1e+05,"full",12813.5718468854,4073789.89081221,11076.7693626915
2,5,1e+05,"truth",12.0866666980553,9.70954155600232,4.32477537526794
3,2,100,"full",18552282324596376,1e+16,1e+16
3,2,100,"truth",3944.42892440387,590004.318888763,109666.047577434
3,2.2,158,"full",270287316937743,1e+16,1e+16
3,2.2,158,"truth",2212.69202238534,365637.698368857,39334.5971602531
3,2.4,251,"full",3857852923050.09,1e+16,1e+16
3,2.4,251,"truth",132.92717640255,1646.77647422274,158.904694060861
3,2.6,398,"full",197293019262.642,1e+16,1e+16
3,2.6,398,"truth",24.5101419283006,72.9673409759306,10.7480085830811
3,2.8,631,"full",18728440985.249,1e+16,1e+16
3,2.8,631,"truth",21.5447074082023,72.2389851520438,5.80679009387803
3,3,1000,"full",2483935.47852212,78770752662.8682,2276865829.60335
3,3,1000,"truth",10.1170852574798,9.45183483328994,3.63533548700087
3,3.2,1585,"full",2593.15011403223,133943.53341324,4459.01010141702
3,3.2,1585,"truth",9.48459644328856,8.10119483236844,3.29609494446462
3,3.4,2512,"full",1405.40607017026,66576.5256702596,528.858714195783
3,3.4,2512,"truth",9.30252270395112,7.31416234505143,2.93409057716936
3,3.6,3981,"full",1431.40975847943,69912.6809350728,563.519606748123
3,3.6,3981,"truth",9.22636097045127,7.17953172132295,3.14256601587403
3,3.8,6310,"full",1731.74145400011,93226.8245121849,826.549080426397
3,3.8,6310,"truth",10.1023470260602,7.81559516759126,3.61492442109707
3,4,10000,"full",2057.43653061304,130076.390594938,1100.70737775379
3,4,10000,"truth",10.5039002704319,8.19727945720298,3.71675134598297
3,4.2,15849,"full",2506.68873740965,186480.633087403,1551.46306321998
3,4.2,15849,"truth",10.8951389690717,8.53637438008315,3.91980230302946
3,4.4,25119,"full",3120.02153907243,281589.131615864,2308.05116605402
3,4.4,25119,"truth",11.361195866151,8.97310547410037,4.07366074553552
3,4.6,39811,"full",3870.53105720307,428002.809865526,3540.7313815689
3,4.6,39811,"truth",11.6410927388092,9.25223104839807,4.18218796677118
3,4.8,63096,"full",4825.16113366477,660157.258407819,5409.26538348845
3,4.8,63096,"truth",11.829479236221,9.4464552155522,4.24960386050397
3,5,1e+05,"full",6049.66414043933,1029192.2903049,8349.92822667066
3,5,1e+05,"truth",11.9897195235614,9.58538855070725,4.30634899670462
4,2,100,"full",15060047255526770,1e+16,1e+16
4,2,100,"truth",50667.7888970322,15486860.0084764,5557052.43267205
4,2.2,158,"full",365729284941508,1e+16,1e+16
4,2.2,158,"truth",1561.87478361474,38239.4441939298,15807.5397073162
4,2.4,251,"full",1686789590758.41,1e+16,1e+16
4,2.4,251,"truth",125.72970884109,906.589222827644,170.648100879048
4,2.6,398,"full",99082974861.5528,1e+16,1e+16
4,2.6,398,"truth",16.2786062705693,14.7165173184306,8.86400724062182
4,2.8,631,"full",337463264.50055,3002399751580330,9716504050421.78
4,2.8,631,"truth",17.7702692354584,12.4968287615589,6.52015657384228
4,3,1000,"full",1401527.20813576,41234769085.5532,77303765.2077739
4,3,1000,"truth",14.9916749135908,10.5995414151576,5.41094281972284
4,3.2,1585,"full",4812.24174524795,543951.516975799,2931.36510465117
4,3.2,1585,"truth",12.4419189197028,8.81284254411584,4.57677847830217
4,3.4,2512,"full",2198.74395789603,151283.434971281,979.340230223563
4,3.4,2512,"truth",10.4853025243423,7.72181634687832,3.7722247770819
4,3.6,3981,"full",2555.77130792686,187574.186549992,913.665311419272
4,3.6,3981,"truth",10.8277729702527,8.46254263870468,3.63385411056291
4,3.8,6310,"full",3186.5171014093,276676.927239727,1223.79240340671
4,3.8,6310,"truth",10.9440380043612,8.46801662422898,3.79127137207563
4,4,10000,"full",4039.03379659584,429530.326124776,1796.64931078213
4,4,10000,"truth",11.1974776823364,8.84825731427344,3.9264601798913
4,4.2,15849,"full",5124.55529705051,672330.081291425,2678.93647496756
4,4.2,15849,"truth",11.4768388520991,9.15404227176014,4.04770323011011
4,4.4,25119,"full",6448.14504161952,1048584.38837277,4087.51760103787
4,4.4,25119,"truth",11.6472021271797,9.27155197531102,4.15118048949739
4,4.6,39811,"full",8162.96828680319,1660162.60295809,6391.19144364883
4,4.6,39811,"truth",11.8817359686486,9.50146428585504,4.22940847948296
4,4.8,63096,"full",10267.9647155864,2608688.08268744,9972.10404178458
4,4.8,63096,"truth",12.0036338535054,9.61953955963797,4.28620916459532
4,5,1e+05,"full",12905.5159981428,4108931.77688357,15604.1902365712
4,5,1e+05,"truth",12.0659903526384,9.67700582144817,4.31826824945682
5,2,100,"full",21145435174526372,1e+16,1e+16
5,2,100,"truth",3884.39920897671,248743.227486685,20492.6521519205
5,2.2,158,"full",386302672126718,1e+16,1e+16
5,2.2,158,"truth",324.546094718145,1724.66151286503,221.222407418289
5,2.4,251,"full",1882734411554.2,1e+16,1e+16
5,2.4,251,"truth",18.2222222752937,21.1609484565328,8.69823819333236
5,2.6,398,"full",99979341938.4832,1e+16,1e+16
5,2.6,398,"truth",9.15914378106029,8.97322594439317,7.50780314696391
5,2.8,631,"full",1505772208.35763,1e+16,428914250225762
5,2.8,631,"truth",10.5346637374661,8.69555648337301,4.60890596187032
5,3,1000,"full",1351893.68007397,25308443888.9369,773503306.337116
5,3,1000,"truth",8.29355366046568,6.82013932309096,4.32235282930075
5,3.2,1585,"full",3125.13532522689,336577.679189468,5168.00554433648
5,3.2,1585,"truth",8.66478564735615,7.3508391550894,2.77392509273295
5,3.4,2512,"full",1679.1260788767,102116.819016423,870.588837532921
5,3.4,2512,"truth",9.74796290275717,8.44999254248282,2.99309029556557
5,3.6,3981,"full",2066.83776354796,132914.364707786,1150.20299340302
5,3.6,3981,"truth",10.3329393388311,8.4159338297183,3.30979141640253
5,3.8,6310,"full",2512.14491554774,187002.597190515,1569.58751053336
5,3.8,6310,"truth",10.5351499312875,8.67330520332433,3.49906344200215
5,4,10000,"full",3146.32566326979,277942.459233948,2403.3643213421
5,4,10000,"truth",10.9390439550781,8.87470786081466,3.75650043576146
5,4.2,15849,"full",3935.13051125084,421430.930157284,3723.09567489172
5,4.2,15849,"truth",11.3089635418039,9.11277436959262,3.95020468097824
5,4.4,25119,"full",4903.11037583218,645194.154868413,5527.06135799804
5,4.4,25119,"truth",11.5161856233739,9.29655547355355,4.07356506682649
5,4.6,39811,"full",6130.92913720242,998100.164486924,7516.96233055854
5,4.6,39811,"truth",11.7109703182651,9.41117663526636,4.1774809610227
5,4.8,63096,"full",7704.20429933734,1564643.59259009,10886.8597374603
5,4.8,63096,"truth",11.9140793126305,9.5838695478784,4.25076507168363
5,5,1e+05,"full",9653.60115406341,2446411.53842639,16727.8251640853
5,5,1e+05,"truth",12.0175609318708,9.67496368251666,4.29644837692182
6,2,100,"full",13928220369182176,1e+16,1e+16
6,2,100,"truth",100662.547048368,135722503.672669,37598949.1375907
6,2.2,158,"full",27123189994506248,1e+16,1e+16
6,2.2,158,"truth",8692.27274952758,198063.176598513,78055.7527840555
6,2.4,251,"full",72665341512850.1,1e+16,1e+16
6,2.4,251,"truth",1002.50463765148,10396.6505788788,7802.75006954882
6,2.6,398,"full",1053114702839.85,1e+16,1e+16
6,2.6,398,"truth",809.389215614,5148.50104496445,4684.23883081958
6,2.8,631,"full",5289151029.18327,1e+16,35601578081980.2
6,2.8,631,"truth",311.641068514051,579.865328887708,501.251723032859
6,3,1000,"full",22940048.5500614,4246675744809.52,1314479392.55686
6,3,1000,"truth",153.698523441425,179.426807822693,150.552211937148
6,3.2,1585,"full",95787.0057234281,135965119.050037,30395.1716841085
6,3.2,1585,"truth",57.3565301751243,35.4680446134153,25.2586539479679
6,3.4,2512,"full",5397.70806058552,781363.295433674,629.182307642685
6,3.4,2512,"truth",21.7627761721228,9.39482637476883,7.37610666703434
6,3.6,3981,"full",2496.07917036949,201932.293480788,193.345830777698
6,3.6,3981,"truth",14.5992115249224,7.63395219747413,4.90498711037424
6,3.8,6310,"full",2175.10526411884,150197.876685739,176.141718666523
6,3.8,6310,"truth",11.4824380012462,7.1572064072713,4.05986644033391
6,4,10000,"full",2970.88942026427,251274.680338384,279.481557509199
6,4,10000,"truth",11.0165631327379,7.5009004805923,3.97068786660611
6,4.2,15849,"full",3865.80922503896,395883.435655995,411.818405581095
6,4.2,15849,"truth",10.9226090553086,7.85407395747567,4.0283990146723
6,4.4,25119,"full",4883.11978731908,609767.304091949,613.621489279873
6,4.4,25119,"truth",11.0315819204559,8.27542028186296,4.01435743528057
6,4.6,39811,"full",6131.0979496847,936997.912590327,924.665631589018
6,4.6,39811,"truth",11.2362421368073,8.64561559089038,4.08391501587703
6,4.8,63096,"full",7695.79953203883,1448118.91012322,1422.13440378345
6,4.8,63096,"truth",11.4903410153251,8.96305307962259,4.16466886795451
6,5,1e+05,"full",9649.29254742801,2248658.04544277,2225.84083447634
6,5,1e+05,"truth",11.7193152382802,9.24715350396023,4.22984171382826
7,2,100,"full",21432586894910124,1e+16,1e+16
7,2,100,"truth",59877.4747863528,11999262.8253246,7204178.13279938
7,2.2,158,"full",344153521987016,1e+16,1e+16
7,2.2,158,"truth",470.657917216893,3069.68706870427,642.942658948936
7,2.4,251,"full",3899457238410.21,1e+16,1e+16
7,2.4,251,"truth",101.151826701037,456.778401432435,90.7081063999168
7,2.6,398,"full",122511298940.566,1e+16,1e+16
7,2.6,398,"truth",24.6757966481874,25.413948902136,12.778344960509
7,2.8,631,"full",350360998.5369,1801439850948198,13053911963392.7
7,2.8,631,"truth",23.4647006782014,17.4788736872002,8.6467931011061
7,3,1000,"full",1233218.9874844,33750755992.4946,162292673.844113
7,3,1000,"truth",15.0231737471218,10.3600001274791,5.47596582269719
7,3.2,1585,"full",8680.26211195334,1781495.39925689,3895.85793112902
7,3.2,1585,"truth",13.2699284652941,9.31770845567834,4.92581679896411
7,3.4,2512,"full",3344.69298779797,325227.797072363,883.374960687632
7,3.4,2512,"truth",11.0492980073552,8.02535524000908,3.96841408482726
7,3.6,3981,"full",1307.32532118152,64593.1466452135,187.396993512643
7,3.6,3981,"truth",10.7390575657236,8.16871783226896,3.89426021145587
7,3.8,6310,"full",1342.71935454946,65364.9587702474,210.776658525792
7,3.8,6310,"truth",10.4929814584503,8.21171353425262,3.51278638028411
7,4,10000,"full",1733.16961967134,94242.7504319338,311.577716494191
7,4,10000,"truth",10.6676846637001,8.41179514265873,3.5267823581558
7,4.2,15849,"full",2230.57790038294,141976.548021873,460.278717779227
7,4.2,15849,"truth",10.9045069994844,8.61592398853041,3.69480568724578
7,4.4,25119,"full",2835.32319859838,217447.845907347,695.367173941315
7,4.4,25119,"truth",11.0704775213294,8.81464361955835,3.82692437661091
7,4.6,39811,"full",3600.62721938025,337963.31655293,1048.61880945788
7,4.6,39811,"truth",11.287048854396,8.98794738653145,3.95875872904671
7,4.8,63096,"full",4573.75333302404,530866.960800923,1582.31853429924
7,4.8,63096,"truth",11.5379299161493,9.22208664301951,4.07903320633958
7,5,1e+05,"full",5759.10807173787,832826.200806186,2419.11589917659
7,5,1e+05,"truth",11.710769321592,9.39451536045184,4.15914365895812
8,2,100,"full",26133888460624600,1e+16,1e+16
8,2,100,"truth",46730.0544748003,54187889.1137152,13723414.3407037
8,2.2,158,"full",274286815205582,1e+16,1e+16
8,2.2,158,"truth",586.721841477302,22098.7172299949,2606.06671504454
8,2.4,251,"full",1579354158763.35,1e+16,1e+16
8,2.4,251,"truth",41.493387994323,161.629851145273,62.7132677793265
8,2.6,398,"full",120067526249.491,1e+16,1e+16
8,2.6,398,"truth",21.863147833903,57.0437280403068,6.85923100171169
8,2.8,631,"full",623390391.539869,3002399751580330,105967050055776
8,2.8,631,"truth",12.1933481757825,13.9491758500196,7.93464542648861
8,3,1000,"full",967054.071385507,14274325411.1935,100691618.341453
8,3,1000,"truth",8.96705539026078,10.0142204718427,5.54526475930367
8,3.2,1585,"full",2107.64198626552,158659.188739556,2857.31126887716
8,3.2,1585,"truth",8.98925479849461,7.49152347318327,3.06039261870196
8,3.4,2512,"full",1488.29805994536,88076.8942668854,1289.44719999015
8,3.4,2512,"truth",9.81793576888074,8.32091283115231,3.40961013403803
8,3.6,3981,"full",1836.52644951677,112337.012070692,1396.95361896364
8,3.6,3981,"truth",10.4015082074623,8.35381854576469,3.32909375843652
8,3.8,6310,"full",2255.81465377776,158037.607188194,1915.27421526281
8,3.8,6310,"truth",10.5230455499421,8.6168687614196,3.38811994769742
8,4,10000,"full",2862.09878960854,236693.671345924,2887.31215715575
8,4,10000,"truth",10.9012963554384,8.81139629569103,3.62914246763133
8,4.2,15849,"full",3609.2191464253,360593.575798131,4138.90593133649
8,4.2,15849,"truth",11.2332322318797,9.02383761263673,3.84703228681062
8,4.4,25119,"full",4516.79904324223,553093.480056588,6309.02706960668
8,4.4,25119,"truth",11.4358421076825,9.21997904426378,3.97064044492831
8,4.6,39811,"full",5658.23309242781,855548.499876831,8821.84440709446
8,4.6,39811,"truth",11.6322160848598,9.34739355851896,4.09383371475804
8,4.8,63096,"full",7114.39939256935,1339006.06529823,12547.7376709898
8,4.8,63096,"truth",11.8490285694799,9.52917394442204,4.18906628379296
8,5,1e+05,"full",8914.35366522392,2089002.63991376,18100.3316499602
8,5,1e+05,"truth",11.9727728588783,9.63683874640348,4.25412597754391
9,2,100,"full",24403568836342656,1e+16,1e+16
9,2,100,"truth",25021.2062933511,5894309.48514072,1521485.03263984
9,2.2,158,"full",12295076700080172,1e+16,1e+16
9,2.2,158,"truth",29113.738703859,5925101.30910773,1115409.32680329
9,2.4,251,"full",1617800348458071,1e+16,1e+16
9,2.4,251,"truth",5128.40961135962,136993.389637934,25279.2915025167
9,2.6,398,"full",97816306225752.6,1e+16,1e+16
9,2.6,398,"truth",554.196473138201,1207.55614371837,266.119116679409
9,2.8,631,"full",390324035102.384,1e+16,1e+16
9,2.8,631,"truth",37.056574338095,145.230281561586,18.4282670262611
9,3,1000,"full",36193453973.178,1e+16,3002399751580330
9,3,1000,"truth",33.3837943184581,142.946839049302,18.5191102689758
9,3.2,1585,"full",705228.873071532,6184254191.28332,164997150.940165
9,3.2,1585,"truth",12.0167188464913,14.7736591218512,5.02996627266678
9,3.4,2512,"full",653.272260112449,14073.3739713384,817.911027916496
9,3.4,2512,"truth",8.90684208611239,8.53505081529033,2.38170417514405
9,3.6,3981,"full",526.135429520977,11680.847133928,360.673039371313
9,3.6,3981,"truth",8.62761793027717,7.52777899268474,2.59999991557608
9,3.8,6310,"full",617.685426929661,13681.9046148944,516.537043156127
9,3.8,6310,"truth",8.81970472699996,7.08215738303633,2.74697896319397
9,4,10000,"full",727.321349381007,17004.966644181,782.242398645319
9,4,10000,"truth",9.12874064597681,7.14230638634294,3.14528365526079
9,4.2,15849,"full",868.910781894363,22562.430816783,1197.74284694609
9,4.2,15849,"truth",9.68007342158966,7.55357928009372,3.47153076874033
9,4.4,25119,"full",1053.54991062239,31382.5225682947,1795.57408275582
9,4.4,25119,"truth",10.2402784266649,7.97215666045998,3.73495754042639
9,4.6,39811,"full",1295.32281830245,45275.5425709905,2502.97436575287
9,4.6,39811,"truth",10.7652155367646,8.42338009729481,3.964938977057
9,4.8,63096,"full",1599.38791743484,67157.6873253297,3655.61589962184
9,4.8,63096,"truth",11.1592478672253,8.80805667605761,4.0805398626618
9,5,1e+05,"full",1990.19091011834,101968.163076098,5655.07440092576
9,5,1e+05,"truth",11.4877644251085,9.11083999645291,4.1846918650348
10,2,100,"full",16369711537329484,1e+16,1e+16
10,2,100,"truth",39659.3375468852,17392261.1868114,596520.460259826
10,2.2,158,"full",8079242435460708,1e+16,1e+16
10,2.2,158,"truth",4598.74411047992,262757.141376839,41148.2487500917
10,2.4,251,"full",571466256114743,1e+16,1e+16
10,2.4,251,"truth",4894.26451980277,229519.812596877,35254.5811949368
10,2.6,398,"full",42771749406493.8,1e+16,1e+16
10,2.6,398,"truth",892.264604049221,5460.63995041642,813.000644517925
10,2.8,631,"full",506492224283.242,1e+16,1e+16
10,2.8,631,"truth",38.091333384691,44.9149224291923,19.1454048193147
10,3,1000,"full",55183748866.0972,1e+16,2251799813685248
10,3,1000,"truth",15.8874628538241,42.4508515941108,8.1457235589397
10,3.2,1585,"full",2734231.57868626,104711741065.823,1302353692.28566
10,3.2,1585,"truth",11.7561840534149,15.1568597694805,2.77585447738313
10,3.4,2512,"full",1297.92316814961,44714.3056677143,1631.2123373749
10,3.4,2512,"truth",8.7981605049806,8.44156836661212,2.66657701203501
10,3.6,3981,"full",483.916724858303,9872.99339698895,449.115470088623
10,3.6,3981,"truth",8.9168729037414,7.93461485961119,2.58772791144583
10,3.8,6310,"full",424.824507212779,8038.28267485698,410.320186390711
10,3.8,6310,"truth",8.60538180205461,7.1226836169535,2.71213079854183
10,4,10000,"full",512.641319003674,9575.69007519449,561.984964201469
10,4,10000,"truth",9.06187750243022,7.30167455507244,3.00178430826291
10,4.2,15849,"full",620.815667349469,12382.9003148827,835.022096064987
10,4.2,15849,"truth",9.53245908060467,7.51597037962556,3.29786887716012
10,4.4,25119,"full",761.533339305713,16909.8742191429,1256.17764082817
10,4.4,25119,"truth",10.0079432728816,7.86030060907463,3.55364467996128
10,4.6,39811,"full",963.808874860442,24236.0755518581,1915.04818673498
10,4.6,39811,"truth",10.4980907337387,8.24083526242795,3.776023562944
10,4.8,63096,"full",1228.69906023867,35780.8350156438,2841.84832420422
10,4.8,63096,"truth",10.9455764808647,8.63249503513547,3.97076735477887
10,5,1e+05,"full",1551.55908215792,54001.3929125968,4113.25782670674
10,5,1e+05,"truth",11.2834505711363,8.95592658424858,4.08464495701511
11,2,100,"full",15216150975812594,1e+16,1e+16
11,2,100,"truth",5150.88628616439,1982776.98482306,122511.932287395
11,2.2,158,"full",164987525145131,1e+16,1e+16
11,2.2,158,"truth",1479.33290222091,187763.882866585,11741.3972230149
11,2.4,251,"full",12781203883567.8,1e+16,1e+16
11,2.4,251,"truth",813.334042986981,50139.2200960208,2438.99110231118
11,2.6,398,"full",1853293503564.08,1e+16,1e+16
11,2.6,398,"truth",593.182881285743,20799.3352313816,861.778884101737
11,2.8,631,"full",388650917887.533,1e+16,9007199254740992
11,2.8,631,"truth",514.203252710549,11116.2216996735,450.850830318457
11,3,1000,"full",55976781017.2155,1e+16,1e+16
11,3,1000,"truth",253.924823027738,1947.45757630962,91.9961220015117
11,3.2,1585,"full",55717893209.719,1e+16,1e+16
11,3.2,1585,"truth",14.4505950889253,33.4649331628039,8.78124057544044
11,3.4,2512,"full",21654771226.2135,1e+16,9007199254740992
11,3.4,2512,"truth",14.0618474140334,33.2491681834691,23.4678165669437
11,3.6,3981,"full",2054.6009485194,50258.2373114619,7667.14473913679
11,3.6,3981,"truth",12.9833392107067,17.7900396437417,2.46971205868966
11,3.8,6310,"full",416.360003795861,3131.92152779248,451.687885962132
11,3.8,6310,"truth",9.2780031044534,9.15135406393686,2.36681676697547
11,4,10000,"full",361.166405016495,3046.07633084644,508.976352023919
11,4,10000,"truth",8.74445514043488,7.54489351741356,2.4714422891156
11,4.2,15849,"full",427.908425295479,4090.4682003599,673.866281493252
11,4.2,15849,"truth",8.764615278685,7.06843201966839,2.81075618107633
11,4.4,25119,"full",555.05570846168,6607.23314148624,994.491348417255
11,4.4,25119,"truth",9.09929564923876,7.16523139763042,3.1377477266936
11,4.6,39811,"full",716.953092013386,10558.2696103883,1450.04544827216
11,4.6,39811,"truth",9.58925876338678,7.44991536386787,3.44092624948544
11,4.8,63096,"full",921.063808910751,16788.9836019297,2035.34607397815
11,4.8,63096,"truth",10.1622466644504,7.90424637202295,3.70872508698242
11,5,1e+05,"full",1163.80169016363,26218.7686440228,2958.80597270908
11,5,1e+05,"truth",10.6543620361606,8.34702982689028,3.90030116569964
12,2,100,"full",31702511430875372,1e+16,1e+16
12,2,100,"truth",1145.54026706877,56637.430265718,11114.6488353998
12,2.2,158,"full",213247146764362,1e+16,1e+16
12,2.2,158,"truth",1195.62835672645,113722.866877557,13425.4741321977
12,2.4,251,"full",7759870196154.82,1e+16,1e+16
12,2.4,251,"truth",464.250386979755,20288.277315248,2034.57293891621
12,2.6,398,"full",235423881350.87,1e+16,1e+16
12,2.6,398,"truth",73.8382142093717,474.405222558175,52.1126337891145
12,2.8,631,"full",38928650019.7683,1e+16,9007199254740992
12,2.8,631,"truth",21.968024332807,66.6280148806433,7.53986714829956
12,3,1000,"full",416438572.348291,3002399751580330,22860911814063.4
12,3,1000,"truth",19.8251083178398,67.102511334876,8.99437130383207
12,3.2,1585,"full",54631.7290973036,49022721.8186828,2328209.28149986
12,3.2,1585,"truth",10.90109840328,11.8472006419073,3.74540971681976
12,3.4,2512,"full",924.143801400999,23065.7509791565,924.768347339532
12,3.4,2512,"truth",9.30394244168127,7.87694104251748,3.18849098658879
12,3.6,3981,"full",630.739362387033,13877.4774857064,389.916532134252
12,3.6,3981,"truth",8.86278754386418,6.87741584608243,2.88129324157851
12,3.8,6310,"full",657.264418932493,15821.1552272722,483.906387864417
12,3.8,6310,"truth",8.97922960681225,6.96642640963259,2.84082485396566
12,4,10000,"full",757.472704229868,19903.665144366,688.621033628896
12,4,10000,"truth",9.42892608214476,7.19483922171467,3.15805891806607
12,4.2,15849,"full",904.717387655886,26843.7295015799,955.641250171571
12,4.2,15849,"truth",9.94502492783443,7.58634318376032,3.50363010566965
12,4.4,25119,"full",1094.13274423883,37928.1367278759,1361.91481060986
12,4.4,25119,"truth",10.4288726059057,8.06624443829289,3.69737794808624
12,4.6,39811,"full",1341.82946657954,55547.3847416916,1974.30777969601
12,4.6,39811,"truth",10.8772939325141,8.49486571175676,3.89819471712455
12,4.8,63096,"full",1663.98832082288,83665.6354840509,2927.54639117128
12,4.8,63096,"truth",11.2790382290235,8.86730888851986,4.05561587873152
12,5,1e+05,"full",2072.74819987669,128014.66185649,4425.94131527276
12,5,1e+05,"truth",11.5901219961484,9.18259372976457,4.16625722151343
13,2,100,"full",25137472130424956,1e+16,1e+16
13,2,100,"truth",9871.46158001586,5349246.74671259,622458.719893957
13,2.2,158,"full",225326242859378,1e+16,1e+16
13,2.2,158,"truth",628.208243055719,32750.8145882246,2538.80754838742
13,2.4,251,"full",7074941159099.38,1e+16,1e+16
13,2.4,251,"truth",552.724795718542,25481.3257220337,1576.0527741635
13,2.6,398,"full",883901970698.681,1e+16,1e+16
13,2.6,398,"truth",167.190078286266,2034.49323791113,145.282975226332
13,2.8,631,"full",79510068937.3617,1e+16,4503599627370496
13,2.8,631,"truth",91.0543693373811,497.305744320051,33.4867592373266
13,3,1000,"full",3858102831.01477,1e+16,1125899906842624
13,3,1000,"truth",7.84250389305165,9.79455210966005,5.56094569558121
13,3.2,1585,"full",20960231.287402,5176551295828.16,102657844252.804
13,3.2,1585,"truth",11.9219472680953,15.5096226869346,5.5052677666553
13,3.4,2512,"full",1681.05248047458,32244.73852186,2252.70631360725
13,3.4,2512,"truth",10.4238132401399,11.2105566437265,3.23303301837099
13,3.6,3981,"full",560.653484407198,9679.41361597429,276.363567479536
13,3.6,3981,"truth",8.90220194418866,7.60960282702608,3.20555351717074
13,3.8,6310,"full",465.846603081081,8446.175986494,233.870422057631
13,3.8,6310,"truth",8.71434349637619,7.13713282501193,2.85856007849237
13,4,10000,"full",504.939150407615,9795.1788344261,287.222023269236
13,4,10000,"truth",8.98559168526277,7.04585941255485,2.89091692685068
13,4.2,15849,"full",594.627591848594,12434.8272897193,434.324025863249
13,4.2,15849,"truth",9.45378318136835,7.29183838711371,3.20385623732975
13,4.4,25119,"full",710.682443928541,16754.4807431216,580.727888327342
13,4.4,25119,"truth",9.94931091063408,7.71663081409842,3.472814336419
13,4.6,39811,"full",862.598079141933,23654.2524154858,860.961768368411
13,4.6,39811,"truth",10.4424223639514,8.13326322708641,3.73276391879863
13,4.8,63096,"full",1062.33627088894,34752.5060847647,1299.49401623927
13,4.8,63096,"truth",10.9256156248546,8.56657499900805,3.93600025248084
13,5,1e+05,"full",1316.30717850203,52204.9178308949,2004.07965752059
13,5,1e+05,"truth",11.3074498585873,8.93588856792032,4.08280063213255
14,2,100,"full",30150678205141572,1e+16,1e+16
14,2,100,"truth",12805.0374855074,9078376.64177138,906945.428077533
14,2.2,158,"full",298912215056561,1e+16,1e+16
14,2.2,158,"truth",864.773243373573,52138.428083532,4343.82026172292
14,2.4,251,"full",14977140953520.3,1e+16,1e+16
14,2.4,251,"truth",82.9665441568269,544.725196257247,42.458514443425
14,2.6,398,"full",646170927194.626,1e+16,1e+16
14,2.6,398,"truth",19.9657814097697,33.0884518947866,6.649672694831
14,2.8,631,"full",28643551884.3711,1e+16,9007199254740992
14,2.8,631,"truth",6.5048482205251,6.60712489662934,5.34161555749401
14,3,1000,"full",4588904.7158624,141165395961.837,12190803103.654
14,3,1000,"truth",10.0570298450733,9.93559432055,3.0401003238702
14,3.2,1585,"full",6876.76315689525,1160955.03481858,40356.413938775
14,3.2,1585,"truth",9.37755907086191,8.56837007619665,3.07771395636347
14,3.4,2512,"full",810.24643028439,27159.4157190751,634.916216332316
14,3.4,2512,"truth",8.60810302570162,7.26859235895417,2.740541028376
14,3.6,3981,"full",628.860797429472,18308.6181398276,365.786390166739
14,3.6,3981,"truth",8.80794223854396,7.17703711121892,2.93139533973891
14,3.8,6310,"full",763.091924922619,22355.1456984682,430.708214323019
14,3.8,6310,"truth",9.50762924519917,7.53593830423121,3.07006131128563
14,4,10000,"full",925.779727468762,29248.7754033394,569.615404985941
14,4,10000,"truth",9.87987969681734,7.77644374268922,3.06958621706272
14,4.2,15849,"full",1141.43684121387,41281.4849196361,871.25438909645
14,4.2,15849,"truth",10.3321125343403,8.15291909056161,3.39249266386703
14,4.4,25119,"full",1423.58327768802,61179.5718824998,1339.51024280581
14,4.4,25119,"truth",10.8230001497494,8.56805771380747,3.6629576119131
14,4.6,39811,"full",1776.06014217062,92157.2132494887,2092.47236399165
14,4.6,39811,"truth",11.2188943141791,8.91179483496143,3.90255030253812
14,4.8,63096,"full",2216.86464592641,141271.019265488,3153.5909962241
14,4.8,63096,"truth",11.4990802782481,9.18268926585213,4.03629670711859
14,5,1e+05,"full",2778.99135240517,219583.322805825,4456.12556439408
14,5,1e+05,"truth",11.7394853674839,9.38875097261439,4.15320704183683
15,2,100,"full",28820370944664120,1e+16,1e+16
15,2,100,"truth",27742.9083700727,17233248.2804341,2915619.15233665
15,2.2,158,"full",216875927787441,1e+16,1e+16
15,2.2,158,"truth",2107.07052699277,255188.109294248,21197.9579945375
15,2.4,251,"full",1181134500346.67,1e+16,1e+16
15,2.4,251,"truth",74.1881951713887,580.170645563981,83.4286328840233
15,2.6,398,"full",100622250945.172,1e+16,1e+16
15,2.6,398,"truth",26.3553253351471,72.7979346589094,10.6382474528168
15,2.8,631,"full",953149548.66997,4503599627370496,136472715980924
15,2.8,631,"truth",17.2769586407343,31.3623989914502,7.86166447232545
15,3,1000,"full",550624.880691339,6633437067.13932,128030772.287092
15,3,1000,"truth",9.36651979651171,7.19246690972825,3.78436302762461
15,3.2,1585,"full",8242.18875648124,2042186.93971727,11805.0460900467
15,3.2,1585,"truth",10.4050156190451,8.07567329134659,4.28585098144462
15,3.4,2512,"full",3901.23583073891,459912.531945192,1860.02419976962
15,3.4,2512,"truth",11.3063749004848,8.97661222453865,4.41322043495323
15,3.6,3981,"full",2368.2018056624,168658.156499543,740.134706803712
15,3.6,3981,"truth",10.7786323773127,8.50993126411358,3.61323283475357
15,3.8,6310,"full",2745.49034072984,216420.313515673,990.734700587418
15,3.8,6310,"truth",10.6020503773326,8.31134601095109,3.55844392808224
15,4,10000,"full",3455.50021572411,323253.769458177,1431.20058833698
15,4,10000,"truth",10.904291327574,8.69878384864296,3.62936410595252
15,4.2,15849,"full",4355.69039864495,493547.018622293,2120.39370992583
15,4.2,15849,"truth",11.1692929946986,8.90108604761561,3.76877472212641
15,4.4,25119,"full",5467.18263224391,761707.809578124,3146.94899957402
15,4.4,25119,"truth",11.3934300892638,9.10808587365398,3.90231763670099
15,4.6,39811,"full",6901.69514395638,1194197.7479232,4740.1489420099
15,4.6,39811,"truth",11.6383044699577,9.30138933532888,4.0366390015559
15,4.8,63096,"full",8697.8743533782,1873866.54068852,7235.26763895637
15,4.8,63096,"truth",11.8426271468162,9.47854750772494,4.16231059128741
15,5,1e+05,"full",10925.5864545454,2945863.87315796,10717.6387810352
15,5,1e+05,"truth",11.9536481644598,9.59071875928567,4.22124178770796
16,2,100,"full",13311252247784188,1e+16,1e+16
16,2,100,"truth",42817.7910724117,22224923.6252374,2564283.67853935
16,2.2,158,"full",1694860574955890,1e+16,1e+16
16,2.2,158,"truth",1531.6969058183,23887.8059933946,2873.11989075867
16,2.4,251,"full",25571225204323.9,1e+16,1e+16
16,2.4,251,"truth",37.7866056076703,32.2334098696004,21.5492534512874
16,2.6,398,"full",235141644887.597,1e+16,1e+16
16,2.6,398,"truth",15.9363456329997,25.7739945263317,16.7142047773082
16,2.8,631,"full",9017971728.64809,1e+16,2251799813685248
16,2.8,631,"truth",16.331761554277,33.1264812241643,9.18011539706827
16,3,1000,"full",1709466.1017679,46002039094.6935,2270834516.30958
16,3,1000,"truth",9.03849981088463,9.10718896237082,3.27939447383944
16,3.2,1585,"full",2241.10746069587,137457.013466507,6729.23280497044
16,3.2,1585,"truth",8.86609484248217,7.6136196869351,2.80613503159547
16,3.4,2512,"full",1638.23937360459,79996.3843920972,1310.62648891578
16,3.4,2512,"truth",9.58904105285082,7.95367944872494,3.22823946660949
16,3.6,3981,"full",1896.78217487496,97421.4300189613,1933.05291913991
16,3.6,3981,"truth",10.3031339818226,8.08570608562016,3.83204802266699
16,3.8,6310,"full",2230.89367924889,132993.309188274,2760.6905998349
16,3.8,6310,"truth",10.6035648815998,8.51954197436397,3.79451941037449
16,4,10000,"full",2736.78777532481,193305.789185626,4252.74340137818
16,4,10000,"truth",11.1118489492098,8.85265270337256,3.99728884828187
16,4.2,15849,"full",3384.09288915931,289207.315019122,6664.19038847428
16,4.2,15849,"truth",11.4877607642862,9.12277036820424,4.20508154825961
16,4.4,25119,"full",4189.10885692352,439563.429131539,10409.672900514
16,4.4,25119,"truth",11.6952612700595,9.35663852308589,4.21662367110147
16,4.6,39811,"full",5218.22261411737,677628.151749439,16329.1477815356
16,4.6,39811,"truth",11.8549768699014,9.48613893892436,4.27677902213169
16,4.8,63096,"full",6544.79199889305,1059628.45574726,24391.8164662154
16,4.8,63096,"truth",12.0120831052147,9.62602403117263,4.3193818515438
16,5,1e+05,"full",8204.38066995272,1658023.63296391,36046.3983514235
16,5,1e+05,"truth",12.096462475213,9.71201472714416,4.34367903022572
17,2,100,"full",17664475239814846,1e+16,1e+16
17,2,100,"truth",146741.155788461,184229238.992807,26214619.6276945
17,2.2,158,"full",16614458061936124,1e+16,1e+16
17,2.2,158,"truth",27804.8556108485,5712139.02010494,630605.843728501
17,2.4,251,"full",1727316792976908,1e+16,1e+16
17,2.4,251,"truth",12327.0269864119,855001.326600659,102806.483487114
17,2.6,398,"full",128802563123724,1e+16,1e+16
17,2.6,398,"truth",1842.72980129604,13450.3734014795,1794.4624955872
17,2.8,631,"full",3218228323210.07,1e+16,1e+16
17,2.8,631,"truth",182.371836975676,145.844746970961,70.6150066285274
17,3,1000,"full",114736594342.036,1e+16,3002399751580330
17,3,1000,"truth",22.8609230535037,77.6211644382701,38.6427612497816
17,3.2,1585,"full",2061521591.48884,1e+16,346430740566961
17,3.2,1585,"truth",21.8895130817675,78.4064382534017,39.3837944754859
17,3.4,2512,"full",2252.49767140123,129061.283229981,10916.1531949671
17,3.4,2512,"truth",10.9239614483771,11.8111357669244,2.54002824282385
17,3.6,3981,"full",386.130932610683,7090.67391795034,428.551480287505
17,3.6,3981,"truth",8.77940020244879,7.98880613077103,2.49744685458281
17,3.8,6310,"full",456.176022149836,7818.5290176212,495.496580869988
17,3.8,6310,"truth",8.79342096763895,7.26132528110277,3.00803603571312
17,4,10000,"full",526.526077474484,9532.0517765548,749.428323115222
17,4,10000,"truth",8.91773866945832,7.08259489892341,3.16210175816044
17,4.2,15849,"full",620.805898417783,12192.7765756315,1078.37067819634
17,4.2,15849,"truth",9.29453286160201,7.24237522502471,3.44829174588646
17,4.4,25119,"full",759.718246562651,16461.4467535537,1584.10144641092
17,4.4,25119,"truth",9.87556139413625,7.65517666864783,3.72431002018528
17,4.6,39811,"full",949.037618477327,23119.9831419358,2379.11127108572
17,4.6,39811,"truth",10.3744825237827,8.09117251657169,3.88471546977118
17,4.8,63096,"full",1195.49382095296,33663.483295246,3639.69117106545
17,4.8,63096,"truth",10.8360292953269,8.50919260983051,4.03435646215623
17,5,1e+05,"full",1509.04307141494,50451.8550958193,5763.84287905889
17,5,1e+05,"truth",11.2486120207773,8.87460069001473,4.16180955239505
18,2,100,"full",35693844417769016,1e+16,1e+16
18,2,100,"truth",1855838.24458319,2502363330.7675,850363523.520051
18,2.2,158,"full",22973867898887672,1e+16,1e+16
18,2.2,158,"truth",116124.85351245,8176800.31649735,2487438.10025668
18,2.4,251,"full",30327801896358720,1e+16,1e+16
18,2.4,251,"truth",7279.055473936,22742.3921405232,5654.34474369747
18,2.6,398,"full",921729238380556,1e+16,1e+16
18,2.6,398,"truth",921.962161594947,1037.10727032968,522.409245800351
18,2.8,631,"full",10688051265988.8,1e+16,1e+16
18,2.8,631,"truth",95.2388694478447,1095.61452296853,187.13268909354
18,3,1000,"full",224900757972.548,1e+16,9007199254740992
18,3,1000,"truth",87.3540800815936,1131.30721023964,170.359658616323
18,3.2,1585,"full",22723664.9864494,6090060348033.12,78401873654.0105
18,3.2,1585,"truth",13.6596668366094,17.806836827887,11.1139713943803
18,3.4,2512,"full",3654.51956174269,135416.607136955,11475.3731000177
18,3.4,2512,"truth",9.15188538501295,8.87726462686284,4.59015137187256
18,3.6,3981,"full",525.242858960196,10441.7321033323,577.683608260121
18,3.6,3981,"truth",8.85689360489163,7.61401619128424,3.49884351194818
18,3.8,6310,"full",471.259417654564,8575.70030765207,647.510036134775
18,3.8,6310,"truth",8.67331898302857,6.82843353094284,3.0641187285599
18,4,10000,"full",544.833632508136,10058.2570834737,1025.77963930431
18,4,10000,"truth",8.94651048976096,6.89639844053836,3.2235327368123
18,4.2,15849,"full",649.176315364096,12930.1375601931,1613.72917234337
18,4.2,15849,"truth",9.49505843815283,7.33141627123469,3.45552184524623
18,4.4,25119,"full",786.924156245944,17545.5709994165,2325.29124079942
18,4.4,25119,"truth",9.9961606893382,7.68834943596913,3.68454018218543
18,4.6,39811,"full",982.875506852681,25071.7865792172,3682.09771529109
18,4.6,39811,"truth",10.5593858580298,8.18903852818876,3.90586332471532
18,4.8,63096,"full",1236.25438337246,36868.1794924059,5754.87467173656
18,4.8,63096,"truth",10.9923666900282,8.61408800319572,4.03110532218822
18,5,1e+05,"full",1558.64869765553,55592.0661985698,8443.53129877796
18,5,1e+05,"truth",11.3479044096995,8.95388105379372,4.14468898596045
19,2,100,"full",24550508826125688,1e+16,1e+16
19,2,100,"truth",149069.028778356,41283734.565388,16539224.8544015
19,2.2,158,"full",22986935908268988,1e+16,1e+16
19,2.2,158,"truth",2669.10111867243,12233.1796950589,5830.38424607485
19,2.4,251,"full",152748108102944,1e+16,1e+16
19,2.4,251,"truth",160.84021512294,600.40732704034,103.658063994112
19,2.6,398,"full",3197929581164.63,1e+16,1e+16
19,2.6,398,"truth",67.138819094217,424.506573674516,86.3923265179006
19,2.8,631,"full",110025330860.673,1e+16,4503599627370496
19,2.8,631,"truth",22.3370651877566,88.5805254073334,29.6504963553129
19,3,1000,"full",3915769.53960276,140697917066.153,13377750464.8632
19,3,1000,"truth",10.058829794333,10.1265647829769,3.17398424723595
19,3.2,1585,"full",8185.50754977346,1210423.71204318,54990.8564662352
19,3.2,1585,"truth",9.26254656808315,8.56253551331001,2.608670561119
19,3.4,2512,"full",940.929043946427,28998.5073303457,1366.96061474484
19,3.4,2512,"truth",9.14626542971706,7.57222947622848,2.96338089866839
19,3.6,3981,"full",971.840701326657,31518.7885215504,1201.94309408909
19,3.6,3981,"truth",9.03488560743496,7.27449987053801,3.01042676310222
19,3.8,6310,"full",1231.44323121926,42542.8624823003,1776.8726055779
19,3.8,6310,"truth",9.88000509686218,7.80058406616094,3.51072350339847
19,4,10000,"full",1485.07965590284,59392.721322806,2313.02707240305
19,4,10000,"truth",10.2474119788991,8.10413991155731,3.61908568468941
19,4.2,15849,"full",1829.2098220775,84916.9984447065,3586.85492165393
19,4.2,15849,"truth",10.6287669320629,8.40023660830644,3.83552878883003
19,4.4,25119,"full",2293.16351949281,127722.411067151,5565.86182127652
19,4.4,25119,"truth",11.1067265986898,8.82042058815907,4.00350918982797
19,4.6,39811,"full",2858.59860727619,193755.652130028,8104.20112983754
19,4.6,39811,"truth",11.424311738675,9.11340560085029,4.12744404510326
19,4.8,63096,"full",3576.07216842106,298713.514131426,12485.4307356979
19,4.8,63096,"truth",11.6604144240303,9.33458219590566,4.20926768246403
19,5,1e+05,"full",4496.11110215416,466053.372833898,18485.8007811485
19,5,1e+05,"truth",11.866516257242,9.5019526276314,4.27807236123518
